provincia,estado,bajas,mes,anio,fecha
Distrito Nacional,baja forzada,297,1,2017,2017-01-01
Distrito Nacional,baja voluntaria,396,1,2017,2017-01-01
El Seibo,baja forzada,66,1,2017,2017-01-01
El Seibo,baja voluntaria,55,1,2017,2017-01-01
Hato Mayor,baja forzada,93,1,2017,2017-01-01
Hato Mayor,baja voluntaria,63,1,2017,2017-01-01
La Altagracia,baja forzada,201,1,2017,2017-01-01
La Altagracia,baja voluntaria,165,1,2017,2017-01-01
La Romana,baja forzada,307,1,2017,2017-01-01
La Romana,baja voluntaria,303,1,2017,2017-01-01
Monte Plata,baja forzada,168,1,2017,2017-01-01
Monte Plata,baja voluntaria,97,1,2017,2017-01-01
San Pedro de Macorís,baja forzada,315,1,2017,2017-01-01
San Pedro de Macorís,baja voluntaria,371,1,2017,2017-01-01
Santo Domingo,baja forzada,1036,1,2017,2017-01-01
Santo Domingo,baja voluntaria,1931,1,2017,2017-01-01
Distrito Nacional,baja forzada,218,2,2017,2017-02-01
Distrito Nacional,baja voluntaria,420,2,2017,2017-02-01
El Seibo,baja forzada,61,2,2017,2017-02-01
El Seibo,baja voluntaria,45,2,2017,2017-02-01
Hato Mayor,baja forzada,136,2,2017,2017-02-01
Hato Mayor,baja voluntaria,69,2,2017,2017-02-01
La Altagracia,baja forzada,203,2,2017,2017-02-01
La Altagracia,baja voluntaria,141,2,2017,2017-02-01
La Romana,baja forzada,211,2,2017,2017-02-01
La Romana,baja voluntaria,348,2,2017,2017-02-01
Monte Plata,baja forzada,111,2,2017,2017-02-01
Monte Plata,baja voluntaria,94,2,2017,2017-02-01
San Pedro de Macorís,baja forzada,384,2,2017,2017-02-01
San Pedro de Macorís,baja voluntaria,305,2,2017,2017-02-01
Santo Domingo,baja forzada,1647,2,2017,2017-02-01
Santo Domingo,baja voluntaria,1949,2,2017,2017-02-01
Distrito Nacional,baja forzada,413,3,2017,2017-03-01
Distrito Nacional,baja voluntaria,426,3,2017,2017-03-01
El Seibo,baja forzada,58,3,2017,2017-03-01
El Seibo,baja voluntaria,41,3,2017,2017-03-01
Hato Mayor,baja forzada,66,3,2017,2017-03-01
Hato Mayor,baja voluntaria,76,3,2017,2017-03-01
La Altagracia,baja forzada,203,3,2017,2017-03-01
La Altagracia,baja voluntaria,171,3,2017,2017-03-01
La Romana,baja forzada,277,3,2017,2017-03-01
La Romana,baja voluntaria,376,3,2017,2017-03-01
Monte Plata,baja forzada,154,3,2017,2017-03-01
Monte Plata,baja voluntaria,118,3,2017,2017-03-01
San Pedro de Macorís,baja forzada,489,3,2017,2017-03-01
San Pedro de Macorís,baja voluntaria,345,3,2017,2017-03-01
Santo Domingo,baja forzada,1884,3,2017,2017-03-01
Santo Domingo,baja voluntaria,2221,3,2017,2017-03-01
Distrito Nacional,baja forzada,265,4,2017,2017-04-01
Distrito Nacional,baja voluntaria,338,4,2017,2017-04-01
El Seibo,baja forzada,80,4,2017,2017-04-01
El Seibo,baja voluntaria,35,4,2017,2017-04-01
Hato Mayor,baja forzada,98,4,2017,2017-04-01
Hato Mayor,baja voluntaria,39,4,2017,2017-04-01
La Altagracia,baja forzada,205,4,2017,2017-04-01
La Altagracia,baja voluntaria,90,4,2017,2017-04-01
La Romana,baja forzada,213,4,2017,2017-04-01
La Romana,baja voluntaria,291,4,2017,2017-04-01
Monte Plata,baja forzada,53,4,2017,2017-04-01
Monte Plata,baja voluntaria,92,4,2017,2017-04-01
San Pedro de Macorís,baja forzada,315,4,2017,2017-04-01
San Pedro de Macorís,baja voluntaria,292,4,2017,2017-04-01
Santo Domingo,baja forzada,1696,4,2017,2017-04-01
Santo Domingo,baja voluntaria,1665,4,2017,2017-04-01
Distrito Nacional,baja forzada,386,5,2017,2017-05-01
Distrito Nacional,baja voluntaria,391,5,2017,2017-05-01
El Seibo,baja forzada,196,5,2017,2017-05-01
El Seibo,baja voluntaria,33,5,2017,2017-05-01
Hato Mayor,baja forzada,118,5,2017,2017-05-01
Hato Mayor,baja voluntaria,68,5,2017,2017-05-01
La Altagracia,baja forzada,211,5,2017,2017-05-01
La Altagracia,baja voluntaria,172,5,2017,2017-05-01
La Romana,baja forzada,262,5,2017,2017-05-01
La Romana,baja voluntaria,289,5,2017,2017-05-01
Monte Plata,baja forzada,163,5,2017,2017-05-01
Monte Plata,baja voluntaria,104,5,2017,2017-05-01
San Pedro de Macorís,baja forzada,347,5,2017,2017-05-01
San Pedro de Macorís,baja voluntaria,355,5,2017,2017-05-01
Santo Domingo,baja forzada,2103,5,2017,2017-05-01
Santo Domingo,baja voluntaria,2027,5,2017,2017-05-01
Distrito Nacional,baja forzada,415,6,2017,2017-06-01
Distrito Nacional,baja voluntaria,465,6,2017,2017-06-01
El Seibo,baja forzada,122,6,2017,2017-06-01
El Seibo,baja voluntaria,46,6,2017,2017-06-01
Hato Mayor,baja forzada,96,6,2017,2017-06-01
Hato Mayor,baja voluntaria,63,6,2017,2017-06-01
La Altagracia,baja forzada,202,6,2017,2017-06-01
La Altagracia,baja voluntaria,124,6,2017,2017-06-01
La Romana,baja forzada,315,6,2017,2017-06-01
La Romana,baja voluntaria,315,6,2017,2017-06-01
Monte Plata,baja forzada,93,6,2017,2017-06-01
Monte Plata,baja voluntaria,92,6,2017,2017-06-01
San Pedro de Macorís,baja forzada,499,6,2017,2017-06-01
San Pedro de Macorís,baja voluntaria,304,6,2017,2017-06-01
Santo Domingo,baja forzada,2198,6,2017,2017-06-01
Santo Domingo,baja voluntaria,1951,6,2017,2017-06-01
Distrito Nacional,baja forzada,293,7,2017,2017-07-01
Distrito Nacional,baja voluntaria,467,7,2017,2017-07-01
El Seibo,baja forzada,99,7,2017,2017-07-01
El Seibo,baja voluntaria,49,7,2017,2017-07-01
Hato Mayor,baja forzada,98,7,2017,2017-07-01
Hato Mayor,baja voluntaria,73,7,2017,2017-07-01
La Altagracia,baja forzada,200,7,2017,2017-07-01
La Altagracia,baja voluntaria,155,7,2017,2017-07-01
La Romana,baja forzada,320,7,2017,2017-07-01
La Romana,baja voluntaria,387,7,2017,2017-07-01
Monte Plata,baja forzada,291,7,2017,2017-07-01
Monte Plata,baja voluntaria,102,7,2017,2017-07-01
San Pedro de Macorís,baja forzada,432,7,2017,2017-07-01
San Pedro de Macorís,baja voluntaria,342,7,2017,2017-07-01
Santo Domingo,baja forzada,2345,7,2017,2017-07-01
Santo Domingo,baja voluntaria,2168,7,2017,2017-07-01
Distrito Nacional,baja forzada,309,8,2017,2017-08-01
Distrito Nacional,baja voluntaria,444,8,2017,2017-08-01
El Seibo,baja forzada,54,8,2017,2017-08-01
El Seibo,baja voluntaria,35,8,2017,2017-08-01
Hato Mayor,baja forzada,64,8,2017,2017-08-01
Hato Mayor,baja voluntaria,75,8,2017,2017-08-01
La Altagracia,baja forzada,213,8,2017,2017-08-01
La Altagracia,baja voluntaria,178,8,2017,2017-08-01
La Romana,baja forzada,255,8,2017,2017-08-01
La Romana,baja voluntaria,354,8,2017,2017-08-01
Monte Plata,baja forzada,212,8,2017,2017-08-01
Monte Plata,baja voluntaria,89,8,2017,2017-08-01
San Pedro de Macorís,baja forzada,451,8,2017,2017-08-01
San Pedro de Macorís,baja voluntaria,352,8,2017,2017-08-01
Santo Domingo,baja forzada,1776,8,2017,2017-08-01
Santo Domingo,baja voluntaria,2215,8,2017,2017-08-01
Distrito Nacional,baja forzada,224,9,2017,2017-09-01
Distrito Nacional,baja voluntaria,423,9,2017,2017-09-01
El Seibo,baja forzada,61,9,2017,2017-09-01
El Seibo,baja voluntaria,20,9,2017,2017-09-01
Hato Mayor,baja forzada,55,9,2017,2017-09-01
Hato Mayor,baja voluntaria,41,9,2017,2017-09-01
La Altagracia,baja forzada,84,9,2017,2017-09-01
La Altagracia,baja voluntaria,153,9,2017,2017-09-01
La Romana,baja forzada,377,9,2017,2017-09-01
La Romana,baja voluntaria,288,9,2017,2017-09-01
Monte Plata,baja forzada,236,9,2017,2017-09-01
Monte Plata,baja voluntaria,75,9,2017,2017-09-01
San Pedro de Macorís,baja forzada,451,9,2017,2017-09-01
San Pedro de Macorís,baja voluntaria,276,9,2017,2017-09-01
Santo Domingo,baja forzada,1359,9,2017,2017-09-01
Santo Domingo,baja voluntaria,1928,9,2017,2017-09-01
Distrito Nacional,baja forzada,341,10,2017,2017-10-01
Distrito Nacional,baja voluntaria,407,10,2017,2017-10-01
El Seibo,baja forzada,31,10,2017,2017-10-01
El Seibo,baja voluntaria,38,10,2017,2017-10-01
Hato Mayor,baja forzada,58,10,2017,2017-10-01
Hato Mayor,baja voluntaria,85,10,2017,2017-10-01
La Altagracia,baja forzada,34,10,2017,2017-10-01
La Altagracia,baja voluntaria,194,10,2017,2017-10-01
La Romana,baja forzada,486,10,2017,2017-10-01
La Romana,baja voluntaria,313,10,2017,2017-10-01
Monte Plata,baja forzada,353,10,2017,2017-10-01
Monte Plata,baja voluntaria,104,10,2017,2017-10-01
San Pedro de Macorís,baja forzada,484,10,2017,2017-10-01
San Pedro de Macorís,baja voluntaria,341,10,2017,2017-10-01
Santo Domingo,baja forzada,1766,10,2017,2017-10-01
Santo Domingo,baja voluntaria,2274,10,2017,2017-10-01
Distrito Nacional,baja forzada,396,11,2017,2017-11-01
Distrito Nacional,baja voluntaria,386,11,2017,2017-11-01
El Seibo,baja forzada,10,11,2017,2017-11-01
El Seibo,baja voluntaria,52,11,2017,2017-11-01
Hato Mayor,baja forzada,26,11,2017,2017-11-01
Hato Mayor,baja voluntaria,49,11,2017,2017-11-01
La Altagracia,baja forzada,132,11,2017,2017-11-01
La Altagracia,baja voluntaria,163,11,2017,2017-11-01
La Romana,baja forzada,351,11,2017,2017-11-01
La Romana,baja voluntaria,328,11,2017,2017-11-01
Monte Plata,baja forzada,408,11,2017,2017-11-01
Monte Plata,baja voluntaria,111,11,2017,2017-11-01
San Pedro de Macorís,baja forzada,265,11,2017,2017-11-01
San Pedro de Macorís,baja voluntaria,308,11,2017,2017-11-01
Santo Domingo,baja forzada,2331,11,2017,2017-11-01
Santo Domingo,baja voluntaria,1963,11,2017,2017-11-01
Distrito Nacional,baja forzada,308,12,2017,2017-12-01
Distrito Nacional,baja voluntaria,372,12,2017,2017-12-01
El Seibo,baja forzada,17,12,2017,2017-12-01
El Seibo,baja voluntaria,34,12,2017,2017-12-01
Hato Mayor,baja forzada,10,12,2017,2017-12-01
Hato Mayor,baja voluntaria,52,12,2017,2017-12-01
La Altagracia,baja forzada,25,12,2017,2017-12-01
La Altagracia,baja voluntaria,144,12,2017,2017-12-01
La Romana,baja forzada,318,12,2017,2017-12-01
La Romana,baja voluntaria,272,12,2017,2017-12-01
Monte Plata,baja forzada,820,12,2017,2017-12-01
Monte Plata,baja voluntaria,90,12,2017,2017-12-01
San Pedro de Macorís,baja forzada,85,12,2017,2017-12-01
San Pedro de Macorís,baja voluntaria,318,12,2017,2017-12-01
Santo Domingo,baja forzada,1834,12,2017,2017-12-01
Santo Domingo,baja voluntaria,2043,12,2017,2017-12-01
Distrito Nacional,baja forzada,383,1,2018,2018-01-01
Distrito Nacional,baja voluntaria,406,1,2018,2018-01-01
El Seibo,baja forzada,14,1,2018,2018-01-01
El Seibo,baja voluntaria,51,1,2018,2018-01-01
Hato Mayor,baja forzada,31,1,2018,2018-01-01
Hato Mayor,baja voluntaria,80,1,2018,2018-01-01
La Altagracia,baja forzada,21,1,2018,2018-01-01
La Altagracia,baja voluntaria,194,1,2018,2018-01-01
La Romana,baja forzada,294,1,2018,2018-01-01
La Romana,baja voluntaria,339,1,2018,2018-01-01
Monte Plata,baja forzada,857,1,2018,2018-01-01
Monte Plata,baja voluntaria,97,1,2018,2018-01-01
San Pedro de Macorís,baja forzada,238,1,2018,2018-01-01
San Pedro de Macorís,baja voluntaria,311,1,2018,2018-01-01
Santo Domingo,baja forzada,2016,1,2018,2018-01-01
Santo Domingo,baja voluntaria,2107,1,2018,2018-01-01
Distrito Nacional,baja forzada,388,2,2018,2018-02-01
Distrito Nacional,baja voluntaria,433,2,2018,2018-02-01
El Seibo,baja forzada,9,2,2018,2018-02-01
El Seibo,baja voluntaria,43,2,2018,2018-02-01
Hato Mayor,baja forzada,17,2,2018,2018-02-01
Hato Mayor,baja voluntaria,68,2,2018,2018-02-01
La Altagracia,baja forzada,93,2,2018,2018-02-01
La Altagracia,baja voluntaria,155,2,2018,2018-02-01
La Romana,baja forzada,308,2,2018,2018-02-01
La Romana,baja voluntaria,351,2,2018,2018-02-01
Monte Plata,baja forzada,350,2,2018,2018-02-01
Monte Plata,baja voluntaria,114,2,2018,2018-02-01
San Pedro de Macorís,baja forzada,243,2,2018,2018-02-01
San Pedro de Macorís,baja voluntaria,311,2,2018,2018-02-01
Santo Domingo,baja forzada,2877,2,2018,2018-02-01
Santo Domingo,baja voluntaria,2077,2,2018,2018-02-01
Distrito Nacional,baja forzada,657,3,2018,2018-03-01
Distrito Nacional,baja voluntaria,462,3,2018,2018-03-01
El Seibo,baja forzada,61,3,2018,2018-03-01
El Seibo,baja voluntaria,48,3,2018,2018-03-01
Hato Mayor,baja forzada,32,3,2018,2018-03-01
Hato Mayor,baja voluntaria,82,3,2018,2018-03-01
La Altagracia,baja forzada,164,3,2018,2018-03-01
La Altagracia,baja voluntaria,174,3,2018,2018-03-01
La Romana,baja forzada,306,3,2018,2018-03-01
La Romana,baja voluntaria,312,3,2018,2018-03-01
Monte Plata,baja forzada,420,3,2018,2018-03-01
Monte Plata,baja voluntaria,88,3,2018,2018-03-01
San Pedro de Macorís,baja forzada,308,3,2018,2018-03-01
San Pedro de Macorís,baja voluntaria,345,3,2018,2018-03-01
Santo Domingo,baja forzada,2408,3,2018,2018-03-01
Santo Domingo,baja voluntaria,2238,3,2018,2018-03-01
Distrito Nacional,baja forzada,316,4,2018,2018-04-01
Distrito Nacional,baja voluntaria,394,4,2018,2018-04-01
El Seibo,baja forzada,15,4,2018,2018-04-01
El Seibo,baja voluntaria,41,4,2018,2018-04-01
Hato Mayor,baja forzada,22,4,2018,2018-04-01
Hato Mayor,baja voluntaria,74,4,2018,2018-04-01
La Altagracia,baja forzada,203,4,2018,2018-04-01
La Altagracia,baja voluntaria,173,4,2018,2018-04-01
La Romana,baja forzada,268,4,2018,2018-04-01
La Romana,baja voluntaria,307,4,2018,2018-04-01
Monte Plata,baja forzada,183,4,2018,2018-04-01
Monte Plata,baja voluntaria,110,4,2018,2018-04-01
San Pedro de Macorís,baja forzada,321,4,2018,2018-04-01
San Pedro de Macorís,baja voluntaria,304,4,2018,2018-04-01
Santo Domingo,baja forzada,2075,4,2018,2018-04-01
Santo Domingo,baja voluntaria,1933,4,2018,2018-04-01
Distrito Nacional,baja forzada,782,5,2018,2018-05-01
Distrito Nacional,baja voluntaria,468,5,2018,2018-05-01
El Seibo,baja forzada,40,5,2018,2018-05-01
El Seibo,baja voluntaria,46,5,2018,2018-05-01
Hato Mayor,baja forzada,42,5,2018,2018-05-01
Hato Mayor,baja voluntaria,59,5,2018,2018-05-01
La Altagracia,baja forzada,168,5,2018,2018-05-01
La Altagracia,baja voluntaria,153,5,2018,2018-05-01
La Romana,baja forzada,195,5,2018,2018-05-01
La Romana,baja voluntaria,333,5,2018,2018-05-01
Monte Plata,baja forzada,178,5,2018,2018-05-01
Monte Plata,baja voluntaria,109,5,2018,2018-05-01
San Pedro de Macorís,baja forzada,294,5,2018,2018-05-01
San Pedro de Macorís,baja voluntaria,332,5,2018,2018-05-01
Santo Domingo,baja forzada,1901,5,2018,2018-05-01
Santo Domingo,baja voluntaria,2172,5,2018,2018-05-01
Distrito Nacional,baja forzada,454,6,2018,2018-06-01
Distrito Nacional,baja voluntaria,477,6,2018,2018-06-01
El Seibo,baja forzada,33,6,2018,2018-06-01
El Seibo,baja voluntaria,40,6,2018,2018-06-01
Hato Mayor,baja forzada,143,6,2018,2018-06-01
Hato Mayor,baja voluntaria,76,6,2018,2018-06-01
La Altagracia,baja forzada,206,6,2018,2018-06-01
La Altagracia,baja voluntaria,179,6,2018,2018-06-01
La Romana,baja forzada,198,6,2018,2018-06-01
La Romana,baja voluntaria,272,6,2018,2018-06-01
Monte Plata,baja forzada,218,6,2018,2018-06-01
Monte Plata,baja voluntaria,121,6,2018,2018-06-01
San Pedro de Macorís,baja forzada,263,6,2018,2018-06-01
San Pedro de Macorís,baja voluntaria,312,6,2018,2018-06-01
Santo Domingo,baja forzada,1481,6,2018,2018-06-01
Santo Domingo,baja voluntaria,2100,6,2018,2018-06-01
Distrito Nacional,baja forzada,314,7,2018,2018-07-01
Distrito Nacional,baja voluntaria,462,7,2018,2018-07-01
El Seibo,baja forzada,62,7,2018,2018-07-01
El Seibo,baja voluntaria,31,7,2018,2018-07-01
Hato Mayor,baja forzada,86,7,2018,2018-07-01
Hato Mayor,baja voluntaria,77,7,2018,2018-07-01
La Altagracia,baja forzada,169,7,2018,2018-07-01
La Altagracia,baja voluntaria,223,7,2018,2018-07-01
La Romana,baja forzada,116,7,2018,2018-07-01
La Romana,baja voluntaria,325,7,2018,2018-07-01
Monte Plata,baja forzada,125,7,2018,2018-07-01
Monte Plata,baja voluntaria,95,7,2018,2018-07-01
San Pedro de Macorís,baja forzada,341,7,2018,2018-07-01
San Pedro de Macorís,baja voluntaria,314,7,2018,2018-07-01
Santo Domingo,baja forzada,1406,7,2018,2018-07-01
Santo Domingo,baja voluntaria,2346,7,2018,2018-07-01
Distrito Nacional,baja forzada,739,8,2018,2018-08-01
Distrito Nacional,baja voluntaria,679,8,2018,2018-08-01
El Seibo,baja forzada,76,8,2018,2018-08-01
El Seibo,baja voluntaria,50,8,2018,2018-08-01
Hato Mayor,baja forzada,107,8,2018,2018-08-01
Hato Mayor,baja voluntaria,85,8,2018,2018-08-01
La Altagracia,baja forzada,152,8,2018,2018-08-01
La Altagracia,baja voluntaria,157,8,2018,2018-08-01
La Romana,baja forzada,113,8,2018,2018-08-01
La Romana,baja voluntaria,324,8,2018,2018-08-01
Monte Plata,baja forzada,107,8,2018,2018-08-01
Monte Plata,baja voluntaria,112,8,2018,2018-08-01
San Pedro de Macorís,baja forzada,225,8,2018,2018-08-01
San Pedro de Macorís,baja voluntaria,345,8,2018,2018-08-01
Santo Domingo,baja forzada,1785,8,2018,2018-08-01
Santo Domingo,baja voluntaria,2721,8,2018,2018-08-01
Distrito Nacional,baja forzada,455,9,2018,2018-09-01
Distrito Nacional,baja voluntaria,430,9,2018,2018-09-01
El Seibo,baja forzada,44,9,2018,2018-09-01
El Seibo,baja voluntaria,30,9,2018,2018-09-01
Hato Mayor,baja forzada,115,9,2018,2018-09-01
Hato Mayor,baja voluntaria,64,9,2018,2018-09-01
La Altagracia,baja forzada,76,9,2018,2018-09-01
La Altagracia,baja voluntaria,200,9,2018,2018-09-01
La Romana,baja forzada,96,9,2018,2018-09-01
La Romana,baja voluntaria,311,9,2018,2018-09-01
Monte Plata,baja forzada,141,9,2018,2018-09-01
Monte Plata,baja voluntaria,98,9,2018,2018-09-01
San Pedro de Macorís,baja forzada,238,9,2018,2018-09-01
San Pedro de Macorís,baja voluntaria,282,9,2018,2018-09-01
Santo Domingo,baja forzada,1697,9,2018,2018-09-01
Santo Domingo,baja voluntaria,2073,9,2018,2018-09-01
Distrito Nacional,baja forzada,752,10,2018,2018-10-01
Distrito Nacional,baja voluntaria,480,10,2018,2018-10-01
El Seibo,baja forzada,47,10,2018,2018-10-01
El Seibo,baja voluntaria,49,10,2018,2018-10-01
Hato Mayor,baja forzada,98,10,2018,2018-10-01
Hato Mayor,baja voluntaria,67,10,2018,2018-10-01
La Altagracia,baja forzada,100,10,2018,2018-10-01
La Altagracia,baja voluntaria,210,10,2018,2018-10-01
La Romana,baja forzada,176,10,2018,2018-10-01
La Romana,baja voluntaria,343,10,2018,2018-10-01
Monte Plata,baja forzada,246,10,2018,2018-10-01
Monte Plata,baja voluntaria,118,10,2018,2018-10-01
San Pedro de Macorís,baja forzada,255,10,2018,2018-10-01
San Pedro de Macorís,baja voluntaria,302,10,2018,2018-10-01
Santo Domingo,baja forzada,2137,10,2018,2018-10-01
Santo Domingo,baja voluntaria,2402,10,2018,2018-10-01
Distrito Nacional,baja forzada,805,11,2018,2018-11-01
Distrito Nacional,baja voluntaria,443,11,2018,2018-11-01
El Seibo,baja forzada,16,11,2018,2018-11-01
El Seibo,baja voluntaria,41,11,2018,2018-11-01
Hato Mayor,baja forzada,75,11,2018,2018-11-01
Hato Mayor,baja voluntaria,77,11,2018,2018-11-01
La Altagracia,baja forzada,124,11,2018,2018-11-01
La Altagracia,baja voluntaria,180,11,2018,2018-11-01
La Romana,baja forzada,137,11,2018,2018-11-01
La Romana,baja voluntaria,295,11,2018,2018-11-01
Monte Plata,baja forzada,158,11,2018,2018-11-01
Monte Plata,baja voluntaria,85,11,2018,2018-11-01
San Pedro de Macorís,baja forzada,191,11,2018,2018-11-01
San Pedro de Macorís,baja voluntaria,324,11,2018,2018-11-01
Santo Domingo,baja forzada,2022,11,2018,2018-11-01
Santo Domingo,baja voluntaria,2261,11,2018,2018-11-01
Distrito Nacional,baja forzada,482,12,2018,2018-12-01
Distrito Nacional,baja voluntaria,393,12,2018,2018-12-01
El Seibo,baja forzada,97,12,2018,2018-12-01
El Seibo,baja voluntaria,36,12,2018,2018-12-01
Hato Mayor,baja forzada,53,12,2018,2018-12-01
Hato Mayor,baja voluntaria,61,12,2018,2018-12-01
La Altagracia,baja forzada,109,12,2018,2018-12-01
La Altagracia,baja voluntaria,151,12,2018,2018-12-01
La Romana,baja forzada,166,12,2018,2018-12-01
La Romana,baja voluntaria,312,12,2018,2018-12-01
Monte Plata,baja forzada,221,12,2018,2018-12-01
Monte Plata,baja voluntaria,94,12,2018,2018-12-01
San Pedro de Macorís,baja forzada,329,12,2018,2018-12-01
San Pedro de Macorís,baja voluntaria,294,12,2018,2018-12-01
Santo Domingo,baja forzada,1495,12,2018,2018-12-01
Santo Domingo,baja voluntaria,2067,12,2018,2018-12-01
Distrito Nacional,baja forzada,610,1,2019,2019-01-01
Distrito Nacional,baja voluntaria,464,1,2019,2019-01-01
El Seibo,baja forzada,81,1,2019,2019-01-01
El Seibo,baja voluntaria,39,1,2019,2019-01-01
Hato Mayor,baja forzada,54,1,2019,2019-01-01
Hato Mayor,baja voluntaria,63,1,2019,2019-01-01
La Altagracia,baja forzada,122,1,2019,2019-01-01
La Altagracia,baja voluntaria,187,1,2019,2019-01-01
La Romana,baja forzada,178,1,2019,2019-01-01
La Romana,baja voluntaria,291,1,2019,2019-01-01
Monte Plata,baja forzada,386,1,2019,2019-01-01
Monte Plata,baja voluntaria,100,1,2019,2019-01-01
San Pedro de Macorís,baja forzada,261,1,2019,2019-01-01
San Pedro de Macorís,baja voluntaria,344,1,2019,2019-01-01
Santo Domingo,baja forzada,3682,1,2019,2019-01-01
Santo Domingo,baja voluntaria,2131,1,2019,2019-01-01
Distrito Nacional,baja forzada,229,2,2019,2019-02-01
Distrito Nacional,baja voluntaria,430,2,2019,2019-02-01
El Seibo,baja forzada,32,2,2019,2019-02-01
El Seibo,baja voluntaria,42,2,2019,2019-02-01
Hato Mayor,baja forzada,118,2,2019,2019-02-01
Hato Mayor,baja voluntaria,90,2,2019,2019-02-01
La Altagracia,baja forzada,123,2,2019,2019-02-01
La Altagracia,baja voluntaria,196,2,2019,2019-02-01
La Romana,baja forzada,213,2,2019,2019-02-01
La Romana,baja voluntaria,295,2,2019,2019-02-01
Monte Plata,baja forzada,68,2,2019,2019-02-01
Monte Plata,baja voluntaria,104,2,2019,2019-02-01
San Pedro de Macorís,baja forzada,216,2,2019,2019-02-01
San Pedro de Macorís,baja voluntaria,312,2,2019,2019-02-01
Santo Domingo,baja forzada,1119,2,2019,2019-02-01
Santo Domingo,baja voluntaria,2193,2,2019,2019-02-01
Distrito Nacional,baja forzada,514,3,2019,2019-03-01
Distrito Nacional,baja voluntaria,488,3,2019,2019-03-01
El Seibo,baja forzada,114,3,2019,2019-03-01
El Seibo,baja voluntaria,51,3,2019,2019-03-01
Hato Mayor,baja forzada,75,3,2019,2019-03-01
Hato Mayor,baja voluntaria,71,3,2019,2019-03-01
La Altagracia,baja forzada,207,3,2019,2019-03-01
La Altagracia,baja voluntaria,214,3,2019,2019-03-01
La Romana,baja forzada,227,3,2019,2019-03-01
La Romana,baja voluntaria,325,3,2019,2019-03-01
Monte Plata,baja forzada,121,3,2019,2019-03-01
Monte Plata,baja voluntaria,108,3,2019,2019-03-01
San Pedro de Macorís,baja forzada,396,3,2019,2019-03-01
San Pedro de Macorís,baja voluntaria,334,3,2019,2019-03-01
Santo Domingo,baja forzada,1416,3,2019,2019-03-01
Santo Domingo,baja voluntaria,2271,3,2019,2019-03-01
Distrito Nacional,baja forzada,301,4,2019,2019-04-01
Distrito Nacional,baja voluntaria,431,4,2019,2019-04-01
El Seibo,baja forzada,80,4,2019,2019-04-01
El Seibo,baja voluntaria,53,4,2019,2019-04-01
Hato Mayor,baja forzada,50,4,2019,2019-04-01
Hato Mayor,baja voluntaria,74,4,2019,2019-04-01
La Altagracia,baja forzada,181,4,2019,2019-04-01
La Altagracia,baja voluntaria,174,4,2019,2019-04-01
La Romana,baja forzada,281,4,2019,2019-04-01
La Romana,baja voluntaria,301,4,2019,2019-04-01
Monte Plata,baja forzada,166,4,2019,2019-04-01
Monte Plata,baja voluntaria,104,4,2019,2019-04-01
San Pedro de Macorís,baja forzada,182,4,2019,2019-04-01
San Pedro de Macorís,baja voluntaria,258,4,2019,2019-04-01
Santo Domingo,baja forzada,1586,4,2019,2019-04-01
Santo Domingo,baja voluntaria,2014,4,2019,2019-04-01
Distrito Nacional,baja forzada,481,5,2019,2019-05-01
Distrito Nacional,baja voluntaria,451,5,2019,2019-05-01
El Seibo,baja forzada,44,5,2019,2019-05-01
El Seibo,baja voluntaria,43,5,2019,2019-05-01
Hato Mayor,baja forzada,83,5,2019,2019-05-01
Hato Mayor,baja voluntaria,70,5,2019,2019-05-01
La Altagracia,baja forzada,219,5,2019,2019-05-01
La Altagracia,baja voluntaria,212,5,2019,2019-05-01
La Romana,baja forzada,251,5,2019,2019-05-01
La Romana,baja voluntaria,342,5,2019,2019-05-01
Monte Plata,baja forzada,111,5,2019,2019-05-01
Monte Plata,baja voluntaria,125,5,2019,2019-05-01
San Pedro de Macorís,baja forzada,291,5,2019,2019-05-01
San Pedro de Macorís,baja voluntaria,314,5,2019,2019-05-01
Santo Domingo,baja forzada,1747,5,2019,2019-05-01
Santo Domingo,baja voluntaria,2314,5,2019,2019-05-01
Distrito Nacional,baja forzada,349,6,2019,2019-06-01
Distrito Nacional,baja voluntaria,389,6,2019,2019-06-01
El Seibo,baja forzada,85,6,2019,2019-06-01
El Seibo,baja voluntaria,34,6,2019,2019-06-01
Hato Mayor,baja forzada,57,6,2019,2019-06-01
Hato Mayor,baja voluntaria,54,6,2019,2019-06-01
La Altagracia,baja forzada,172,6,2019,2019-06-01
La Altagracia,baja voluntaria,182,6,2019,2019-06-01
La Romana,baja forzada,304,6,2019,2019-06-01
La Romana,baja voluntaria,315,6,2019,2019-06-01
Monte Plata,baja forzada,201,6,2019,2019-06-01
Monte Plata,baja voluntaria,111,6,2019,2019-06-01
San Pedro de Macorís,baja forzada,252,6,2019,2019-06-01
San Pedro de Macorís,baja voluntaria,251,6,2019,2019-06-01
Santo Domingo,baja forzada,1418,6,2019,2019-06-01
Santo Domingo,baja voluntaria,2145,6,2019,2019-06-01
Distrito Nacional,baja forzada,698,7,2019,2019-07-01
Distrito Nacional,baja voluntaria,608,7,2019,2019-07-01
El Seibo,baja forzada,95,7,2019,2019-07-01
El Seibo,baja voluntaria,54,7,2019,2019-07-01
Hato Mayor,baja forzada,57,7,2019,2019-07-01
Hato Mayor,baja voluntaria,97,7,2019,2019-07-01
La Altagracia,baja forzada,194,7,2019,2019-07-01
La Altagracia,baja voluntaria,230,7,2019,2019-07-01
La Romana,baja forzada,305,7,2019,2019-07-01
La Romana,baja voluntaria,365,7,2019,2019-07-01
Monte Plata,baja forzada,172,7,2019,2019-07-01
Monte Plata,baja voluntaria,122,7,2019,2019-07-01
San Pedro de Macorís,baja forzada,462,7,2019,2019-07-01
San Pedro de Macorís,baja voluntaria,367,7,2019,2019-07-01
Santo Domingo,baja forzada,1870,7,2019,2019-07-01
Santo Domingo,baja voluntaria,2804,7,2019,2019-07-01
Distrito Nacional,baja forzada,533,8,2019,2019-08-01
Distrito Nacional,baja voluntaria,495,8,2019,2019-08-01
El Seibo,baja forzada,63,8,2019,2019-08-01
El Seibo,baja voluntaria,33,8,2019,2019-08-01
Hato Mayor,baja forzada,17,8,2019,2019-08-01
Hato Mayor,baja voluntaria,85,8,2019,2019-08-01
La Altagracia,baja forzada,229,8,2019,2019-08-01
La Altagracia,baja voluntaria,217,8,2019,2019-08-01
La Romana,baja forzada,196,8,2019,2019-08-01
La Romana,baja voluntaria,299,8,2019,2019-08-01
Monte Plata,baja forzada,145,8,2019,2019-08-01
Monte Plata,baja voluntaria,101,8,2019,2019-08-01
San Pedro de Macorís,baja forzada,465,8,2019,2019-08-01
San Pedro de Macorís,baja voluntaria,304,8,2019,2019-08-01
Santo Domingo,baja forzada,1515,8,2019,2019-08-01
Santo Domingo,baja voluntaria,2503,8,2019,2019-08-01
Distrito Nacional,baja forzada,527,9,2019,2019-09-01
Distrito Nacional,baja voluntaria,495,9,2019,2019-09-01
El Seibo,baja forzada,77,9,2019,2019-09-01
El Seibo,baja voluntaria,51,9,2019,2019-09-01
Hato Mayor,baja forzada,61,9,2019,2019-09-01
Hato Mayor,baja voluntaria,102,9,2019,2019-09-01
La Altagracia,baja forzada,147,9,2019,2019-09-01
La Altagracia,baja voluntaria,226,9,2019,2019-09-01
La Romana,baja forzada,345,9,2019,2019-09-01
La Romana,baja voluntaria,287,9,2019,2019-09-01
Monte Plata,baja forzada,251,9,2019,2019-09-01
Monte Plata,baja voluntaria,108,9,2019,2019-09-01
San Pedro de Macorís,baja forzada,424,9,2019,2019-09-01
San Pedro de Macorís,baja voluntaria,297,9,2019,2019-09-01
Santo Domingo,baja forzada,1403,9,2019,2019-09-01
Santo Domingo,baja voluntaria,2259,9,2019,2019-09-01
Distrito Nacional,baja forzada,724,10,2019,2019-10-01
Distrito Nacional,baja voluntaria,500,10,2019,2019-10-01
El Seibo,baja forzada,92,10,2019,2019-10-01
El Seibo,baja voluntaria,37,10,2019,2019-10-01
Hato Mayor,baja forzada,85,10,2019,2019-10-01
Hato Mayor,baja voluntaria,92,10,2019,2019-10-01
La Altagracia,baja forzada,223,10,2019,2019-10-01
La Altagracia,baja voluntaria,241,10,2019,2019-10-01
La Romana,baja forzada,365,10,2019,2019-10-01
La Romana,baja voluntaria,334,10,2019,2019-10-01
Monte Plata,baja forzada,278,10,2019,2019-10-01
Monte Plata,baja voluntaria,106,10,2019,2019-10-01
San Pedro de Macorís,baja forzada,469,10,2019,2019-10-01
San Pedro de Macorís,baja voluntaria,308,10,2019,2019-10-01
Santo Domingo,baja forzada,1907,10,2019,2019-10-01
Santo Domingo,baja voluntaria,2519,10,2019,2019-10-01
Distrito Nacional,baja forzada,650,11,2019,2019-11-01
Distrito Nacional,baja voluntaria,390,11,2019,2019-11-01
El Seibo,baja forzada,167,11,2019,2019-11-01
El Seibo,baja voluntaria,46,11,2019,2019-11-01
Hato Mayor,baja forzada,97,11,2019,2019-11-01
Hato Mayor,baja voluntaria,91,11,2019,2019-11-01
La Altagracia,baja forzada,129,11,2019,2019-11-01
La Altagracia,baja voluntaria,227,11,2019,2019-11-01
La Romana,baja forzada,283,11,2019,2019-11-01
La Romana,baja voluntaria,303,11,2019,2019-11-01
Monte Plata,baja forzada,154,11,2019,2019-11-01
Monte Plata,baja voluntaria,104,11,2019,2019-11-01
San Pedro de Macorís,baja forzada,477,11,2019,2019-11-01
San Pedro de Macorís,baja voluntaria,283,11,2019,2019-11-01
Santo Domingo,baja forzada,2328,11,2019,2019-11-01
Santo Domingo,baja voluntaria,2165,11,2019,2019-11-01
Distrito Nacional,baja forzada,653,12,2019,2019-12-01
Distrito Nacional,baja voluntaria,413,12,2019,2019-12-01
El Seibo,baja forzada,192,12,2019,2019-12-01
El Seibo,baja voluntaria,28,12,2019,2019-12-01
Hato Mayor,baja forzada,18,12,2019,2019-12-01
Hato Mayor,baja voluntaria,77,12,2019,2019-12-01
La Altagracia,baja forzada,152,12,2019,2019-12-01
La Altagracia,baja voluntaria,232,12,2019,2019-12-01
La Romana,baja forzada,241,12,2019,2019-12-01
La Romana,baja voluntaria,283,12,2019,2019-12-01
Monte Plata,baja forzada,135,12,2019,2019-12-01
Monte Plata,baja voluntaria,96,12,2019,2019-12-01
San Pedro de Macorís,baja forzada,398,12,2019,2019-12-01
San Pedro de Macorís,baja voluntaria,283,12,2019,2019-12-01
Santo Domingo,baja forzada,1799,12,2019,2019-12-01
Santo Domingo,baja voluntaria,1930,12,2019,2019-12-01
Distrito Nacional,baja forzada,779,1,2020,2020-01-01
Distrito Nacional,baja voluntaria,506,1,2020,2020-01-01
El Seibo,baja forzada,49,1,2020,2020-01-01
El Seibo,baja voluntaria,58,1,2020,2020-01-01
Hato Mayor,baja forzada,110,1,2020,2020-01-01
Hato Mayor,baja voluntaria,98,1,2020,2020-01-01
La Altagracia,baja forzada,126,1,2020,2020-01-01
La Altagracia,baja voluntaria,257,1,2020,2020-01-01
La Romana,baja forzada,241,1,2020,2020-01-01
La Romana,baja voluntaria,291,1,2020,2020-01-01
Monte Plata,baja forzada,148,1,2020,2020-01-01
Monte Plata,baja voluntaria,120,1,2020,2020-01-01
San Pedro de Macorís,baja forzada,556,1,2020,2020-01-01
San Pedro de Macorís,baja voluntaria,331,1,2020,2020-01-01
Santo Domingo,baja forzada,1825,1,2020,2020-01-01
Santo Domingo,baja voluntaria,2338,1,2020,2020-01-01
Distrito Nacional,baja forzada,546,2,2020,2020-02-01
Distrito Nacional,baja voluntaria,453,2,2020,2020-02-01
El Seibo,baja forzada,94,2,2020,2020-02-01
El Seibo,baja voluntaria,60,2,2020,2020-02-01
Hato Mayor,baja forzada,93,2,2020,2020-02-01
Hato Mayor,baja voluntaria,96,2,2020,2020-02-01
La Altagracia,baja forzada,93,2,2020,2020-02-01
La Altagracia,baja voluntaria,290,2,2020,2020-02-01
La Romana,baja forzada,178,2,2020,2020-02-01
La Romana,baja voluntaria,286,2,2020,2020-02-01
Monte Plata,baja forzada,245,2,2020,2020-02-01
Monte Plata,baja voluntaria,116,2,2020,2020-02-01
San Pedro de Macorís,baja forzada,458,2,2020,2020-02-01
San Pedro de Macorís,baja voluntaria,329,2,2020,2020-02-01
Santo Domingo,baja forzada,2517,2,2020,2020-02-01
Santo Domingo,baja voluntaria,2236,2,2020,2020-02-01
Distrito Nacional,baja forzada,540,3,2020,2020-03-01
Distrito Nacional,baja voluntaria,434,3,2020,2020-03-01
El Seibo,baja forzada,89,3,2020,2020-03-01
El Seibo,baja voluntaria,60,3,2020,2020-03-01
Hato Mayor,baja forzada,91,3,2020,2020-03-01
Hato Mayor,baja voluntaria,93,3,2020,2020-03-01
La Altagracia,baja forzada,88,3,2020,2020-03-01
La Altagracia,baja voluntaria,289,3,2020,2020-03-01
La Romana,baja forzada,170,3,2020,2020-03-01
La Romana,baja voluntaria,285,3,2020,2020-03-01
Monte Plata,baja forzada,240,3,2020,2020-03-01
Monte Plata,baja voluntaria,144,3,2020,2020-03-01
San Pedro de Macorís,baja forzada,450,3,2020,2020-03-01
San Pedro de Macorís,baja voluntaria,329,3,2020,2020-03-01
Santo Domingo,baja forzada,2515,3,2020,2020-03-01
Santo Domingo,baja voluntaria,2216,3,2020,2020-03-01
Distrito Nacional,baja forzada,4,4,2020,2020-04-01
Distrito Nacional,baja voluntaria,71,4,2020,2020-04-01
El Seibo,baja forzada,1,4,2020,2020-04-01
El Seibo,baja voluntaria,4,4,2020,2020-04-01
Hato Mayor,baja forzada,3,4,2020,2020-04-01
Hato Mayor,baja voluntaria,8,4,2020,2020-04-01
La Altagracia,baja forzada,1,4,2020,2020-04-01
La Altagracia,baja voluntaria,24,4,2020,2020-04-01
La Romana,baja forzada,3,4,2020,2020-04-01
La Romana,baja voluntaria,35,4,2020,2020-04-01
Monte Plata,baja forzada,0,4,2020,2020-04-01
Monte Plata,baja voluntaria,7,4,2020,2020-04-01
San Pedro de Macorís,baja forzada,6,4,2020,2020-04-01
San Pedro de Macorís,baja voluntaria,26,4,2020,2020-04-01
Santo Domingo,baja forzada,50,4,2020,2020-04-01
Santo Domingo,baja voluntaria,341,4,2020,2020-04-01
Distrito Nacional,baja forzada,21,5,2020,2020-05-01
Distrito Nacional,baja voluntaria,245,5,2020,2020-05-01
El Seibo,baja forzada,3,5,2020,2020-05-01
El Seibo,baja voluntaria,14,5,2020,2020-05-01
Hato Mayor,baja forzada,7,5,2020,2020-05-01
Hato Mayor,baja voluntaria,28,5,2020,2020-05-01
La Altagracia,baja forzada,2,5,2020,2020-05-01
La Altagracia,baja voluntaria,83,5,2020,2020-05-01
La Romana,baja forzada,25,5,2020,2020-05-01
La Romana,baja voluntaria,157,5,2020,2020-05-01
Monte Plata,baja forzada,7,5,2020,2020-05-01
Monte Plata,baja voluntaria,38,5,2020,2020-05-01
San Pedro de Macorís,baja forzada,26,5,2020,2020-05-01
San Pedro de Macorís,baja voluntaria,183,5,2020,2020-05-01
Santo Domingo,baja forzada,171,5,2020,2020-05-01
Santo Domingo,baja voluntaria,973,5,2020,2020-05-01
Distrito Nacional,baja forzada,52,6,2020,2020-06-01
Distrito Nacional,baja voluntaria,419,6,2020,2020-06-01
El Seibo,baja forzada,13,6,2020,2020-06-01
El Seibo,baja voluntaria,37,6,2020,2020-06-01
Hato Mayor,baja forzada,18,6,2020,2020-06-01
Hato Mayor,baja voluntaria,61,6,2020,2020-06-01
La Altagracia,baja forzada,17,6,2020,2020-06-01
La Altagracia,baja voluntaria,295,6,2020,2020-06-01
La Romana,baja forzada,74,6,2020,2020-06-01
La Romana,baja voluntaria,266,6,2020,2020-06-01
Monte Plata,baja forzada,29,6,2020,2020-06-01
Monte Plata,baja voluntaria,115,6,2020,2020-06-01
San Pedro de Macorís,baja forzada,52,6,2020,2020-06-01
San Pedro de Macorís,baja voluntaria,308,6,2020,2020-06-01
Santo Domingo,baja forzada,427,6,2020,2020-06-01
Santo Domingo,baja voluntaria,1593,6,2020,2020-06-01
Distrito Nacional,baja forzada,149,7,2020,2020-07-01
Distrito Nacional,baja voluntaria,529,7,2020,2020-07-01
El Seibo,baja forzada,27,7,2020,2020-07-01
El Seibo,baja voluntaria,59,7,2020,2020-07-01
Hato Mayor,baja forzada,31,7,2020,2020-07-01
Hato Mayor,baja voluntaria,136,7,2020,2020-07-01
La Altagracia,baja forzada,29,7,2020,2020-07-01
La Altagracia,baja voluntaria,444,7,2020,2020-07-01
La Romana,baja forzada,118,7,2020,2020-07-01
La Romana,baja voluntaria,324,7,2020,2020-07-01
Monte Plata,baja forzada,47,7,2020,2020-07-01
Monte Plata,baja voluntaria,156,7,2020,2020-07-01
San Pedro de Macorís,baja forzada,73,7,2020,2020-07-01
San Pedro de Macorís,baja voluntaria,348,7,2020,2020-07-01
Santo Domingo,baja forzada,953,7,2020,2020-07-01
Santo Domingo,baja voluntaria,2717,7,2020,2020-07-01
Distrito Nacional,baja forzada,1054,8,2020,2020-08-01
Distrito Nacional,baja voluntaria,516,8,2020,2020-08-01
El Seibo,baja forzada,26,8,2020,2020-08-01
El Seibo,baja voluntaria,57,8,2020,2020-08-01
Hato Mayor,baja forzada,47,8,2020,2020-08-01
Hato Mayor,baja voluntaria,112,8,2020,2020-08-01
La Altagracia,baja forzada,19,8,2020,2020-08-01
La Altagracia,baja voluntaria,407,8,2020,2020-08-01
La Romana,baja forzada,154,8,2020,2020-08-01
La Romana,baja voluntaria,338,8,2020,2020-08-01
Monte Plata,baja forzada,40,8,2020,2020-08-01
Monte Plata,baja voluntaria,115,8,2020,2020-08-01
San Pedro de Macorís,baja forzada,69,8,2020,2020-08-01
San Pedro de Macorís,baja voluntaria,342,8,2020,2020-08-01
Santo Domingo,baja forzada,709,8,2020,2020-08-01
Santo Domingo,baja voluntaria,2486,8,2020,2020-08-01
Distrito Nacional,baja forzada,1904,9,2020,2020-09-01
Distrito Nacional,baja voluntaria,492,9,2020,2020-09-01
El Seibo,baja forzada,33,9,2020,2020-09-01
El Seibo,baja voluntaria,47,9,2020,2020-09-01
Hato Mayor,baja forzada,38,9,2020,2020-09-01
Hato Mayor,baja voluntaria,132,9,2020,2020-09-01
La Altagracia,baja forzada,38,9,2020,2020-09-01
La Altagracia,baja voluntaria,419,9,2020,2020-09-01
La Romana,baja forzada,148,9,2020,2020-09-01
La Romana,baja voluntaria,373,9,2020,2020-09-01
Monte Plata,baja forzada,34,9,2020,2020-09-01
Monte Plata,baja voluntaria,131,9,2020,2020-09-01
San Pedro de Macorís,baja forzada,94,9,2020,2020-09-01
San Pedro de Macorís,baja voluntaria,318,9,2020,2020-09-01
Santo Domingo,baja forzada,804,9,2020,2020-09-01
Santo Domingo,baja voluntaria,2409,9,2020,2020-09-01
Distrito Nacional,baja forzada,1916,10,2020,2020-10-01
Distrito Nacional,baja voluntaria,629,10,2020,2020-10-01
El Seibo,baja forzada,42,10,2020,2020-10-01
El Seibo,baja voluntaria,70,10,2020,2020-10-01
Hato Mayor,baja forzada,59,10,2020,2020-10-01
Hato Mayor,baja voluntaria,131,10,2020,2020-10-01
La Altagracia,baja forzada,153,10,2020,2020-10-01
La Altagracia,baja voluntaria,381,10,2020,2020-10-01
La Romana,baja forzada,222,10,2020,2020-10-01
La Romana,baja voluntaria,389,10,2020,2020-10-01
Monte Plata,baja forzada,52,10,2020,2020-10-01
Monte Plata,baja voluntaria,151,10,2020,2020-10-01
San Pedro de Macorís,baja forzada,518,10,2020,2020-10-01
San Pedro de Macorís,baja voluntaria,365,10,2020,2020-10-01
Santo Domingo,baja forzada,992,10,2020,2020-10-01
Santo Domingo,baja voluntaria,2650,10,2020,2020-10-01
Distrito Nacional,baja forzada,1588,11,2020,2020-11-01
Distrito Nacional,baja voluntaria,477,11,2020,2020-11-01
El Seibo,baja forzada,69,11,2020,2020-11-01
El Seibo,baja voluntaria,35,11,2020,2020-11-01
Hato Mayor,baja forzada,52,11,2020,2020-11-01
Hato Mayor,baja voluntaria,103,11,2020,2020-11-01
La Altagracia,baja forzada,211,11,2020,2020-11-01
La Altagracia,baja voluntaria,312,11,2020,2020-11-01
La Romana,baja forzada,210,11,2020,2020-11-01
La Romana,baja voluntaria,285,11,2020,2020-11-01
Monte Plata,baja forzada,50,11,2020,2020-11-01
Monte Plata,baja voluntaria,108,11,2020,2020-11-01
San Pedro de Macorís,baja forzada,355,11,2020,2020-11-01
San Pedro de Macorís,baja voluntaria,302,11,2020,2020-11-01
Santo Domingo,baja forzada,954,11,2020,2020-11-01
Santo Domingo,baja voluntaria,2098,11,2020,2020-11-01
Distrito Nacional,baja forzada,1867,12,2020,2020-12-01
Distrito Nacional,baja voluntaria,645,12,2020,2020-12-01
El Seibo,baja forzada,39,12,2020,2020-12-01
El Seibo,baja voluntaria,68,12,2020,2020-12-01
Hato Mayor,baja forzada,52,12,2020,2020-12-01
Hato Mayor,baja voluntaria,127,12,2020,2020-12-01
La Altagracia,baja forzada,120,12,2020,2020-12-01
La Altagracia,baja voluntaria,356,12,2020,2020-12-01
La Romana,baja forzada,215,12,2020,2020-12-01
La Romana,baja voluntaria,401,12,2020,2020-12-01
Monte Plata,baja forzada,56,12,2020,2020-12-01
Monte Plata,baja voluntaria,161,12,2020,2020-12-01
San Pedro de Macorís,baja forzada,540,12,2020,2020-12-01
San Pedro de Macorís,baja voluntaria,370,12,2020,2020-12-01
Santo Domingo,baja forzada,890,12,2020,2020-12-01
Santo Domingo,baja voluntaria,2105,12,2020,2020-12-01
Distrito Nacional,baja forzada,1464,1,2021,2021-01-01
Distrito Nacional,baja voluntaria,398,1,2021,2021-01-01
El Seibo,baja forzada,91,1,2021,2021-01-01
El Seibo,baja voluntaria,38,1,2021,2021-01-01
Hato Mayor,baja forzada,53,1,2021,2021-01-01
Hato Mayor,baja voluntaria,100,1,2021,2021-01-01
La Altagracia,baja forzada,137,1,2021,2021-01-01
La Altagracia,baja voluntaria,265,1,2021,2021-01-01
La Romana,baja forzada,177,1,2021,2021-01-01
La Romana,baja voluntaria,276,1,2021,2021-01-01
Monte Plata,baja forzada,34,1,2021,2021-01-01
Monte Plata,baja voluntaria,110,1,2021,2021-01-01
San Pedro de Macorís,baja forzada,175,1,2021,2021-01-01
San Pedro de Macorís,baja voluntaria,261,1,2021,2021-01-01
Santo Domingo,baja forzada,1155,1,2021,2021-01-01
Santo Domingo,baja voluntaria,1937,1,2021,2021-01-01
Distrito Nacional,baja forzada,1743,2,2021,2021-02-01
Distrito Nacional,baja voluntaria,373,2,2021,2021-02-01
El Seibo,baja forzada,58,2,2021,2021-02-01
El Seibo,baja voluntaria,36,2,2021,2021-02-01
Hato Mayor,baja forzada,75,2,2021,2021-02-01
Hato Mayor,baja voluntaria,67,2,2021,2021-02-01
La Altagracia,baja forzada,162,2,2021,2021-02-01
La Altagracia,baja voluntaria,251,2,2021,2021-02-01
La Romana,baja forzada,177,2,2021,2021-02-01
La Romana,baja voluntaria,235,2,2021,2021-02-01
Monte Plata,baja forzada,73,2,2021,2021-02-01
Monte Plata,baja voluntaria,45,2,2021,2021-02-01
San Pedro de Macorís,baja forzada,240,2,2021,2021-02-01
San Pedro de Macorís,baja voluntaria,268,2,2021,2021-02-01
Santo Domingo,baja forzada,1602,2,2021,2021-02-01
Santo Domingo,baja voluntaria,1804,2,2021,2021-02-01
Distrito Nacional,baja forzada,2129,3,2021,2021-03-01
Distrito Nacional,baja voluntaria,526,3,2021,2021-03-01
El Seibo,baja forzada,79,3,2021,2021-03-01
El Seibo,baja voluntaria,51,3,2021,2021-03-01
Hato Mayor,baja forzada,160,3,2021,2021-03-01
Hato Mayor,baja voluntaria,98,3,2021,2021-03-01
La Altagracia,baja forzada,397,3,2021,2021-03-01
La Altagracia,baja voluntaria,353,3,2021,2021-03-01
La Romana,baja forzada,227,3,2021,2021-03-01
La Romana,baja voluntaria,368,3,2021,2021-03-01
Monte Plata,baja forzada,489,3,2021,2021-03-01
Monte Plata,baja voluntaria,129,3,2021,2021-03-01
San Pedro de Macorís,baja forzada,326,3,2021,2021-03-01
San Pedro de Macorís,baja voluntaria,337,3,2021,2021-03-01
Santo Domingo,baja forzada,3055,3,2021,2021-03-01
Santo Domingo,baja voluntaria,2683,3,2021,2021-03-01
Distrito Nacional,baja forzada,1381,4,2021,2021-04-01
Distrito Nacional,baja voluntaria,444,4,2021,2021-04-01
El Seibo,baja forzada,69,4,2021,2021-04-01
El Seibo,baja voluntaria,55,4,2021,2021-04-01
Hato Mayor,baja forzada,29,4,2021,2021-04-01
Hato Mayor,baja voluntaria,91,4,2021,2021-04-01
La Altagracia,baja forzada,331,4,2021,2021-04-01
La Altagracia,baja voluntaria,347,4,2021,2021-04-01
La Romana,baja forzada,158,4,2021,2021-04-01
La Romana,baja voluntaria,302,4,2021,2021-04-01
Monte Plata,baja forzada,142,4,2021,2021-04-01
Monte Plata,baja voluntaria,125,4,2021,2021-04-01
San Pedro de Macorís,baja forzada,302,4,2021,2021-04-01
San Pedro de Macorís,baja voluntaria,304,4,2021,2021-04-01
Santo Domingo,baja forzada,3158,4,2021,2021-04-01
Santo Domingo,baja voluntaria,2411,4,2021,2021-04-01
Distrito Nacional,baja forzada,799,5,2021,2021-05-01
Distrito Nacional,baja voluntaria,428,5,2021,2021-05-01
El Seibo,baja forzada,33,5,2021,2021-05-01
El Seibo,baja voluntaria,51,5,2021,2021-05-01
Hato Mayor,baja forzada,44,5,2021,2021-05-01
Hato Mayor,baja voluntaria,99,5,2021,2021-05-01
La Altagracia,baja forzada,177,5,2021,2021-05-01
La Altagracia,baja voluntaria,316,5,2021,2021-05-01
La Romana,baja forzada,230,5,2021,2021-05-01
La Romana,baja voluntaria,303,5,2021,2021-05-01
Monte Plata,baja forzada,84,5,2021,2021-05-01
Monte Plata,baja voluntaria,106,5,2021,2021-05-01
San Pedro de Macorís,baja forzada,277,5,2021,2021-05-01
San Pedro de Macorís,baja voluntaria,293,5,2021,2021-05-01
Santo Domingo,baja forzada,3220,5,2021,2021-05-01
Santo Domingo,baja voluntaria,2381,5,2021,2021-05-01
Distrito Nacional,baja forzada,543,6,2021,2021-06-01
Distrito Nacional,baja voluntaria,395,6,2021,2021-06-01
El Seibo,baja forzada,62,6,2021,2021-06-01
El Seibo,baja voluntaria,52,6,2021,2021-06-01
Hato Mayor,baja forzada,31,6,2021,2021-06-01
Hato Mayor,baja voluntaria,93,6,2021,2021-06-01
La Altagracia,baja forzada,148,6,2021,2021-06-01
La Altagracia,baja voluntaria,303,6,2021,2021-06-01
La Romana,baja forzada,276,6,2021,2021-06-01
La Romana,baja voluntaria,266,6,2021,2021-06-01
Monte Plata,baja forzada,34,6,2021,2021-06-01
Monte Plata,baja voluntaria,119,6,2021,2021-06-01
San Pedro de Macorís,baja forzada,176,6,2021,2021-06-01
San Pedro de Macorís,baja voluntaria,304,6,2021,2021-06-01
Santo Domingo,baja forzada,1624,6,2021,2021-06-01
Santo Domingo,baja voluntaria,2260,6,2021,2021-06-01
Distrito Nacional,baja forzada,522,7,2021,2021-07-01
Distrito Nacional,baja voluntaria,407,7,2021,2021-07-01
El Seibo,baja forzada,66,7,2021,2021-07-01
El Seibo,baja voluntaria,76,7,2021,2021-07-01
Hato Mayor,baja forzada,22,7,2021,2021-07-01
Hato Mayor,baja voluntaria,91,7,2021,2021-07-01
La Altagracia,baja forzada,145,7,2021,2021-07-01
La Altagracia,baja voluntaria,320,7,2021,2021-07-01
La Romana,baja forzada,260,7,2021,2021-07-01
La Romana,baja voluntaria,347,7,2021,2021-07-01
Monte Plata,baja forzada,34,7,2021,2021-07-01
Monte Plata,baja voluntaria,137,7,2021,2021-07-01
San Pedro de Macorís,baja forzada,168,7,2021,2021-07-01
San Pedro de Macorís,baja voluntaria,317,7,2021,2021-07-01
Santo Domingo,baja forzada,933,7,2021,2021-07-01
Santo Domingo,baja voluntaria,2508,7,2021,2021-07-01
Distrito Nacional,baja forzada,1054,8,2021,2021-08-01
Distrito Nacional,baja voluntaria,516,8,2021,2021-08-01
El Seibo,baja forzada,26,8,2021,2021-08-01
El Seibo,baja voluntaria,57,8,2021,2021-08-01
Hato Mayor,baja forzada,47,8,2021,2021-08-01
Hato Mayor,baja voluntaria,112,8,2021,2021-08-01
La Altagracia,baja forzada,19,8,2021,2021-08-01
La Altagracia,baja voluntaria,407,8,2021,2021-08-01
La Romana,baja forzada,154,8,2021,2021-08-01
La Romana,baja voluntaria,338,8,2021,2021-08-01
Monte Plata,baja forzada,40,8,2021,2021-08-01
Monte Plata,baja voluntaria,115,8,2021,2021-08-01
San Pedro de Macorís,baja forzada,69,8,2021,2021-08-01
San Pedro de Macorís,baja voluntaria,342,8,2021,2021-08-01
Santo Domingo,baja forzada,709,8,2021,2021-08-01
Santo Domingo,baja voluntaria,2486,8,2021,2021-08-01
Distrito Nacional,baja forzada,215,9,2021,2021-09-01
Distrito Nacional,baja voluntaria,424,9,2021,2021-09-01
El Seibo,baja forzada,57,9,2021,2021-09-01
El Seibo,baja voluntaria,54,9,2021,2021-09-01
Hato Mayor,baja forzada,25,9,2021,2021-09-01
Hato Mayor,baja voluntaria,107,9,2021,2021-09-01
La Altagracia,baja forzada,124,9,2021,2021-09-01
La Altagracia,baja voluntaria,280,9,2021,2021-09-01
La Romana,baja forzada,168,9,2021,2021-09-01
La Romana,baja voluntaria,278,9,2021,2021-09-01
Monte Plata,baja forzada,28,9,2021,2021-09-01
Monte Plata,baja voluntaria,116,9,2021,2021-09-01
San Pedro de Macorís,baja forzada,67,9,2021,2021-09-01
San Pedro de Macorís,baja voluntaria,287,9,2021,2021-09-01
Santo Domingo,baja forzada,354,9,2021,2021-09-01
Santo Domingo,baja voluntaria,746,9,2021,2021-09-01
Distrito Nacional,baja forzada,1054,10,2021,2021-10-01
Distrito Nacional,baja voluntaria,516,10,2021,2021-10-01
El Seibo,baja forzada,26,10,2021,2021-10-01
El Seibo,baja voluntaria,57,10,2021,2021-10-01
Hato Mayor,baja forzada,47,10,2021,2021-10-01
Hato Mayor,baja voluntaria,112,10,2021,2021-10-01
La Altagracia,baja forzada,19,10,2021,2021-10-01
La Altagracia,baja voluntaria,407,10,2021,2021-10-01
La Romana,baja forzada,154,10,2021,2021-10-01
La Romana,baja voluntaria,338,10,2021,2021-10-01
Monte Plata,baja forzada,40,10,2021,2021-10-01
Monte Plata,baja voluntaria,115,10,2021,2021-10-01
San Pedro de Macorís,baja forzada,69,10,2021,2021-10-01
San Pedro de Macorís,baja voluntaria,342,10,2021,2021-10-01
Santo Domingo,baja forzada,709,10,2021,2021-10-01
Santo Domingo,baja voluntaria,2486,10,2021,2021-10-01
Distrito Nacional,baja forzada,151,11,2021,2021-11-01
Distrito Nacional,baja voluntaria,420,11,2021,2021-11-01
El Seibo,baja forzada,28,11,2021,2021-11-01
El Seibo,baja voluntaria,158,11,2021,2021-11-01
Hato Mayor,baja forzada,25,11,2021,2021-11-01
Hato Mayor,baja voluntaria,107,11,2021,2021-11-01
La Altagracia,baja forzada,6,11,2021,2021-11-01
La Altagracia,baja voluntaria,232,11,2021,2021-11-01
La Romana,baja forzada,166,11,2021,2021-11-01
La Romana,baja voluntaria,269,11,2021,2021-11-01
Monte Plata,baja forzada,33,11,2021,2021-11-01
Monte Plata,baja voluntaria,124,11,2021,2021-11-01
San Pedro de Macorís,baja forzada,83,11,2021,2021-11-01
San Pedro de Macorís,baja voluntaria,311,11,2021,2021-11-01
Santo Domingo,baja forzada,746,11,2021,2021-11-01
Santo Domingo,baja voluntaria,2414,11,2021,2021-11-01
Distrito Nacional,baja forzada,225,12,2021,2021-12-01
Distrito Nacional,baja voluntaria,354,12,2021,2021-12-01
El Seibo,baja forzada,79,12,2021,2021-12-01
El Seibo,baja voluntaria,171,12,2021,2021-12-01
Hato Mayor,baja forzada,22,12,2021,2021-12-01
Hato Mayor,baja voluntaria,91,12,2021,2021-12-01
La Altagracia,baja forzada,54,12,2021,2021-12-01
La Altagracia,baja voluntaria,238,12,2021,2021-12-01
La Romana,baja forzada,128,12,2021,2021-12-01
La Romana,baja voluntaria,293,12,2021,2021-12-01
Monte Plata,baja forzada,22,12,2021,2021-12-01
Monte Plata,baja voluntaria,142,12,2021,2021-12-01
San Pedro de Macorís,baja forzada,123,12,2021,2021-12-01
San Pedro de Macorís,baja voluntaria,260,12,2021,2021-12-01
Santo Domingo,baja forzada,769,12,2021,2021-12-01
Santo Domingo,baja voluntaria,2363,12,2021,2021-12-01
Distrito Nacional,baja forzada,243,1,2022,2022-01-01
Distrito Nacional,baja voluntaria,361,1,2022,2022-01-01
El Seibo,baja forzada,74,1,2022,2022-01-01
El Seibo,baja voluntaria,176,1,2022,2022-01-01
La Altagracia,baja forzada,34,1,2022,2022-01-01
La Altagracia,baja voluntaria,249,1,2022,2022-01-01
La Romana,baja forzada,120,1,2022,2022-01-01
La Romana,baja voluntaria,274,1,2022,2022-01-01
Monte Plata,baja forzada,29,1,2022,2022-01-01
Monte Plata,baja voluntaria,98,1,2022,2022-01-01
San Pedro de Macorís,baja forzada,134,1,2022,2022-01-01
San Pedro de Macorís,baja voluntaria,288,1,2022,2022-01-01
Santo Domingo,baja forzada,521,1,2022,2022-01-01
Santo Domingo,baja voluntaria,2139,1,2022,2022-01-01
Distrito Nacional,baja forzada,337,2,2022,2022-02-01
Distrito Nacional,baja voluntaria,457,2,2022,2022-02-01
El Seibo,baja forzada,48,2,2022,2022-02-01
El Seibo,baja voluntaria,220,2,2022,2022-02-01
La Altagracia,baja forzada,86,2,2022,2022-02-01
La Altagracia,baja voluntaria,341,2,2022,2022-02-01
La Romana,baja forzada,134,2,2022,2022-02-01
La Romana,baja voluntaria,350,2,2022,2022-02-01
Monte Plata,baja forzada,32,2,2022,2022-02-01
Monte Plata,baja voluntaria,158,2,2022,2022-02-01
San Pedro de Macorís,baja forzada,183,2,2022,2022-02-01
San Pedro de Macorís,baja voluntaria,351,2,2022,2022-02-01
Santo Domingo,baja forzada,785,2,2022,2022-02-01
Santo Domingo,baja voluntaria,2682,2,2022,2022-02-01
Distrito Nacional,baja forzada,513,3,2022,2022-03-01
Distrito Nacional,baja voluntaria,467,3,2022,2022-03-01
El Seibo,baja forzada,63,3,2022,2022-03-01
El Seibo,baja voluntaria,207,3,2022,2022-03-01
La Altagracia,baja forzada,60,3,2022,2022-03-01
La Altagracia,baja voluntaria,342,3,2022,2022-03-01
La Romana,baja forzada,125,3,2022,2022-03-01
La Romana,baja voluntaria,338,3,2022,2022-03-01
Monte Plata,baja forzada,45,3,2022,2022-03-01
Monte Plata,baja voluntaria,129,3,2022,2022-03-01
San Pedro de Macorís,baja forzada,129,3,2022,2022-03-01
San Pedro de Macorís,baja voluntaria,367,3,2022,2022-03-01
Santo Domingo,baja forzada,1158,3,2022,2022-03-01
Santo Domingo,baja voluntaria,2959,3,2022,2022-03-01
Distrito Nacional,baja forzada,289,4,2022,2022-04-01
Distrito Nacional,baja voluntaria,412,4,2022,2022-04-01
El Seibo,baja forzada,110,4,2022,2022-04-01
El Seibo,baja voluntaria,144,4,2022,2022-04-01
La Altagracia,baja forzada,44,4,2022,2022-04-01
La Altagracia,baja voluntaria,282,4,2022,2022-04-01
La Romana,baja forzada,78,4,2022,2022-04-01
La Romana,baja voluntaria,285,4,2022,2022-04-01
Monte Plata,baja forzada,25,4,2022,2022-04-01
Monte Plata,baja voluntaria,129,4,2022,2022-04-01
San Pedro de Macorís,baja forzada,243,4,2022,2022-04-01
San Pedro de Macorís,baja voluntaria,293,4,2022,2022-04-01
Santo Domingo,baja forzada,776,4,2022,2022-04-01
Santo Domingo,baja voluntaria,2410,4,2022,2022-04-01
Distrito Nacional,baja forzada,253,5,2022,2022-05-01
Distrito Nacional,baja voluntaria,413,5,2022,2022-05-01
El Seibo,baja forzada,125,5,2022,2022-05-01
El Seibo,baja voluntaria,195,5,2022,2022-05-01
La Altagracia,baja forzada,35,5,2022,2022-05-01
La Altagracia,baja voluntaria,315,5,2022,2022-05-01
La Romana,baja forzada,85,5,2022,2022-05-01
La Romana,baja voluntaria,339,5,2022,2022-05-01
Monte Plata,baja forzada,30,5,2022,2022-05-01
Monte Plata,baja voluntaria,154,5,2022,2022-05-01
San Pedro de Macorís,baja forzada,176,5,2022,2022-05-01
San Pedro de Macorís,baja voluntaria,375,5,2022,2022-05-01
Santo Domingo,baja forzada,1068,5,2022,2022-05-01
Santo Domingo,baja voluntaria,2668,5,2022,2022-05-01
Distrito Nacional,baja forzada,268,6,2022,2022-06-01
Distrito Nacional,baja voluntaria,431,6,2022,2022-06-01
El Seibo,baja forzada,76,6,2022,2022-06-01
El Seibo,baja voluntaria,186,6,2022,2022-06-01
La Altagracia,baja forzada,39,6,2022,2022-06-01
La Altagracia,baja voluntaria,327,6,2022,2022-06-01
La Romana,baja forzada,80,6,2022,2022-06-01
La Romana,baja voluntaria,332,6,2022,2022-06-01
Monte Plata,baja forzada,34,6,2022,2022-06-01
Monte Plata,baja voluntaria,132,6,2022,2022-06-01
San Pedro de Macorís,baja forzada,94,6,2022,2022-06-01
San Pedro de Macorís,baja voluntaria,371,6,2022,2022-06-01
Santo Domingo,baja forzada,785,6,2022,2022-06-01
Santo Domingo,baja voluntaria,2719,6,2022,2022-06-01
Distrito Nacional,baja forzada,255,7,2022,2022-07-01
Distrito Nacional,baja voluntaria,454,7,2022,2022-07-01
El Seibo,baja forzada,79,7,2022,2022-07-01
El Seibo,baja voluntaria,208,7,2022,2022-07-01
La Altagracia,baja forzada,12,7,2022,2022-07-01
La Altagracia,baja voluntaria,299,7,2022,2022-07-01
La Romana,baja forzada,10,7,2022,2022-07-01
La Romana,baja voluntaria,301,7,2022,2022-07-01
Monte Plata,baja forzada,39,7,2022,2022-07-01
Monte Plata,baja voluntaria,148,7,2022,2022-07-01
San Pedro de Macorís,baja forzada,103,7,2022,2022-07-01
San Pedro de Macorís,baja voluntaria,341,7,2022,2022-07-01
Santo Domingo,baja forzada,614,7,2022,2022-07-01
Santo Domingo,baja voluntaria,2922,7,2022,2022-07-01
Distrito Nacional,baja forzada,321,8,2022,2022-08-01
Distrito Nacional,baja voluntaria,416,8,2022,2022-08-01
El Seibo,baja forzada,48,8,2022,2022-08-01
El Seibo,baja voluntaria,190,8,2022,2022-08-01
La Altagracia,baja forzada,24,8,2022,2022-08-01
La Altagracia,baja voluntaria,272,8,2022,2022-08-01
La Romana,baja forzada,47,8,2022,2022-08-01
La Romana,baja voluntaria,341,8,2022,2022-08-01
Monte Plata,baja forzada,22,8,2022,2022-08-01
Monte Plata,baja voluntaria,136,8,2022,2022-08-01
San Pedro de Macorís,baja forzada,139,8,2022,2022-08-01
San Pedro de Macorís,baja voluntaria,371,8,2022,2022-08-01
Santo Domingo,baja forzada,763,8,2022,2022-08-01
Santo Domingo,baja voluntaria,2778,8,2022,2022-08-01
Distrito Nacional,baja forzada,321,9,2022,2022-09-01
Distrito Nacional,baja voluntaria,419,9,2022,2022-09-01
El Seibo,baja forzada,48,9,2022,2022-09-01
El Seibo,baja voluntaria,191,9,2022,2022-09-01
La Altagracia,baja forzada,24,9,2022,2022-09-01
La Altagracia,baja voluntaria,274,9,2022,2022-09-01
La Romana,baja forzada,47,9,2022,2022-09-01
La Romana,baja voluntaria,343,9,2022,2022-09-01
Monte Plata,baja forzada,22,9,2022,2022-09-01
Monte Plata,baja voluntaria,136,9,2022,2022-09-01
San Pedro de Macorís,baja forzada,139,9,2022,2022-09-01
San Pedro de Macorís,baja voluntaria,380,9,2022,2022-09-01
Santo Domingo,baja forzada,760,9,2022,2022-09-01
Santo Domingo,baja voluntaria,2794,9,2022,2022-09-01
Distrito Nacional,baja forzada,342,10,2022,2022-10-01
Distrito Nacional,baja voluntaria,443,10,2022,2022-10-01
El Seibo,baja forzada,40,10,2022,2022-10-01
El Seibo,baja voluntaria,181,10,2022,2022-10-01
La Altagracia,baja forzada,29,10,2022,2022-10-01
La Altagracia,baja voluntaria,266,10,2022,2022-10-01
La Romana,baja forzada,79,10,2022,2022-10-01
La Romana,baja voluntaria,169,10,2022,2022-10-01
Monte Plata,baja forzada,29,10,2022,2022-10-01
Monte Plata,baja voluntaria,136,10,2022,2022-10-01
San Pedro de Macorís,baja forzada,125,10,2022,2022-10-01
San Pedro de Macorís,baja voluntaria,301,10,2022,2022-10-01
Santo Domingo,baja forzada,884,10,2022,2022-10-01
Santo Domingo,baja voluntaria,2637,10,2022,2022-10-01
Distrito Nacional,baja forzada,452,11,2022,2022-11-01
Distrito Nacional,baja voluntaria,367,11,2022,2022-11-01
El Seibo,baja forzada,88,11,2022,2022-11-01
El Seibo,baja voluntaria,176,11,2022,2022-11-01
La Altagracia,baja forzada,17,11,2022,2022-11-01
La Altagracia,baja voluntaria,247,11,2022,2022-11-01
La Romana,baja forzada,68,11,2022,2022-11-01
La Romana,baja voluntaria,287,11,2022,2022-11-01
Monte Plata,baja forzada,79,11,2022,2022-11-01
Monte Plata,baja voluntaria,151,11,2022,2022-11-01
San Pedro de Macorís,baja forzada,263,11,2022,2022-11-01
San Pedro de Macorís,baja voluntaria,270,11,2022,2022-11-01
Santo Domingo,baja forzada,826,11,2022,2022-11-01
Santo Domingo,baja voluntaria,2486,11,2022,2022-11-01
Distrito Nacional,baja forzada,324,12,2022,2022-12-01
Distrito Nacional,baja voluntaria,364,12,2022,2022-12-01
El Seibo,baja forzada,49,12,2022,2022-12-01
El Seibo,baja voluntaria,159,12,2022,2022-12-01
La Altagracia,baja forzada,29,12,2022,2022-12-01
La Altagracia,baja voluntaria,245,12,2022,2022-12-01
La Romana,baja forzada,61,12,2022,2022-12-01
La Romana,baja voluntaria,274,12,2022,2022-12-01
Monte Plata,baja forzada,40,12,2022,2022-12-01
Monte Plata,baja voluntaria,123,12,2022,2022-12-01
San Pedro de Macorís,baja forzada,248,12,2022,2022-12-01
San Pedro de Macorís,baja voluntaria,289,12,2022,2022-12-01
Santo Domingo,baja forzada,775,12,2022,2022-12-01
Santo Domingo,baja voluntaria,2502,12,2022,2022-12-01
Distrito Nacional,baja forzada,223,1,2023,2023-01-01
Distrito Nacional,baja voluntaria,364,1,2023,2023-01-01
El Seibo,baja forzada,48,1,2023,2023-01-01
El Seibo,baja voluntaria,155,1,2023,2023-01-01
La Altagracia,baja forzada,22,1,2023,2023-01-01
La Altagracia,baja voluntaria,271,1,2023,2023-01-01
La Romana,baja forzada,75,1,2023,2023-01-01
La Romana,baja voluntaria,252,1,2023,2023-01-01
Monte Plata,baja forzada,46,1,2023,2023-01-01
Monte Plata,baja voluntaria,127,1,2023,2023-01-01
San Pedro de Macorís,baja forzada,152,1,2023,2023-01-01
San Pedro de Macorís,baja voluntaria,271,1,2023,2023-01-01
Santo Domingo,baja forzada,540,1,2023,2023-01-01
Santo Domingo,baja voluntaria,2429,1,2023,2023-01-01
Distrito Nacional,baja forzada,288,2,2023,2023-02-01
Distrito Nacional,baja voluntaria,399,2,2023,2023-02-01
El Seibo,baja forzada,56,2,2023,2023-02-01
El Seibo,baja voluntaria,169,2,2023,2023-02-01
La Altagracia,baja forzada,27,2,2023,2023-02-01
La Altagracia,baja voluntaria,217,2,2023,2023-02-01
La Romana,baja forzada,79,2,2023,2023-02-01
La Romana,baja voluntaria,263,2,2023,2023-02-01
Monte Plata,baja forzada,33,2,2023,2023-02-01
Monte Plata,baja voluntaria,113,2,2023,2023-02-01
San Pedro de Macorís,baja forzada,214,2,2023,2023-02-01
San Pedro de Macorís,baja voluntaria,279,2,2023,2023-02-01
Santo Domingo,baja forzada,450,2,2023,2023-02-01
Santo Domingo,baja voluntaria,2392,2,2023,2023-02-01
Distrito Nacional,baja forzada,298,3,2023,2023-03-01
Distrito Nacional,baja voluntaria,433,3,2023,2023-03-01
El Seibo,baja forzada,126,3,2023,2023-03-01
El Seibo,baja voluntaria,161,3,2023,2023-03-01
La Altagracia,baja forzada,41,3,2023,2023-03-01
La Altagracia,baja voluntaria,308,3,2023,2023-03-01
La Romana,baja forzada,111,3,2023,2023-03-01
La Romana,baja voluntaria,330,3,2023,2023-03-01
Monte Plata,baja forzada,48,3,2023,2023-03-01
Monte Plata,baja voluntaria,134,3,2023,2023-03-01
San Pedro de Macorís,baja forzada,266,3,2023,2023-03-01
San Pedro de Macorís,baja voluntaria,311,3,2023,2023-03-01
Santo Domingo,baja forzada,881,3,2023,2023-03-01
Santo Domingo,baja voluntaria,2957,3,2023,2023-03-01
Distrito Nacional,baja forzada,185,4,2023,2023-04-01
Distrito Nacional,baja voluntaria,320,4,2023,2023-04-01
El Seibo,baja forzada,93,4,2023,2023-04-01
El Seibo,baja voluntaria,153,4,2023,2023-04-01
La Altagracia,baja forzada,48,4,2023,2023-04-01
La Altagracia,baja voluntaria,221,4,2023,2023-04-01
La Romana,baja forzada,62,4,2023,2023-04-01
La Romana,baja voluntaria,226,4,2023,2023-04-01
Monte Plata,baja forzada,20,4,2023,2023-04-01
Monte Plata,baja voluntaria,100,4,2023,2023-04-01
San Pedro de Macorís,baja forzada,100,4,2023,2023-04-01
San Pedro de Macorís,baja voluntaria,275,4,2023,2023-04-01
Santo Domingo,baja forzada,565,4,2023,2023-04-01
Santo Domingo,baja voluntaria,2318,4,2023,2023-04-01
Distrito Nacional,baja forzada,229,5,2023,2023-05-01
Distrito Nacional,baja voluntaria,445,5,2023,2023-05-01
El Seibo,baja forzada,123,5,2023,2023-05-01
El Seibo,baja voluntaria,169,5,2023,2023-05-01
La Altagracia,baja forzada,46,5,2023,2023-05-01
La Altagracia,baja voluntaria,277,5,2023,2023-05-01
La Romana,baja forzada,90,5,2023,2023-05-01
La Romana,baja voluntaria,257,5,2023,2023-05-01
Monte Plata,baja forzada,42,5,2023,2023-05-01
Monte Plata,baja voluntaria,146,5,2023,2023-05-01
San Pedro de Macorís,baja forzada,125,5,2023,2023-05-01
San Pedro de Macorís,baja voluntaria,318,5,2023,2023-05-01
Santo Domingo,baja forzada,748,5,2023,2023-05-01
Santo Domingo,baja voluntaria,2667,5,2023,2023-05-01
Distrito Nacional,baja forzada,233,6,2023,2023-06-01
Distrito Nacional,baja voluntaria,378,6,2023,2023-06-01
El Seibo,baja forzada,44,6,2023,2023-06-01
El Seibo,baja voluntaria,172,6,2023,2023-06-01
La Altagracia,baja forzada,49,6,2023,2023-06-01
La Altagracia,baja voluntaria,227,6,2023,2023-06-01
La Romana,baja forzada,89,6,2023,2023-06-01
La Romana,baja voluntaria,278,6,2023,2023-06-01
Monte Plata,baja forzada,42,6,2023,2023-06-01
Monte Plata,baja voluntaria,142,6,2023,2023-06-01
San Pedro de Macorís,baja forzada,75,6,2023,2023-06-01
San Pedro de Macorís,baja voluntaria,305,6,2023,2023-06-01
Santo Domingo,baja forzada,791,6,2023,2023-06-01
Santo Domingo,baja voluntaria,2514,6,2023,2023-06-01
Distrito Nacional,baja forzada,191,7,2023,2023-07-01
Distrito Nacional,baja voluntaria,449,7,2023,2023-07-01
El Seibo,baja forzada,55,7,2023,2023-07-01
El Seibo,baja voluntaria,153,7,2023,2023-07-01
La Altagracia,baja forzada,39,7,2023,2023-07-01
La Altagracia,baja voluntaria,243,7,2023,2023-07-01
La Romana,baja forzada,153,7,2023,2023-07-01
La Romana,baja voluntaria,257,7,2023,2023-07-01
Monte Plata,baja forzada,66,7,2023,2023-07-01
Monte Plata,baja voluntaria,126,7,2023,2023-07-01
San Pedro de Macorís,baja forzada,86,7,2023,2023-07-01
San Pedro de Macorís,baja voluntaria,272,7,2023,2023-07-01
Santo Domingo,baja forzada,929,7,2023,2023-07-01
Santo Domingo,baja voluntaria,2586,7,2023,2023-07-01
Distrito Nacional,baja forzada,198,8,2023,2023-08-01
Distrito Nacional,baja voluntaria,366,8,2023,2023-08-01
El Seibo,baja forzada,34,8,2023,2023-08-01
El Seibo,baja voluntaria,134,8,2023,2023-08-01
La Altagracia,baja forzada,34,8,2023,2023-08-01
La Altagracia,baja voluntaria,215,8,2023,2023-08-01
La Romana,baja forzada,77,8,2023,2023-08-01
La Romana,baja voluntaria,244,8,2023,2023-08-01
Monte Plata,baja forzada,34,8,2023,2023-08-01
Monte Plata,baja voluntaria,116,8,2023,2023-08-01
San Pedro de Macorís,baja forzada,91,8,2023,2023-08-01
San Pedro de Macorís,baja voluntaria,284,8,2023,2023-08-01
Santo Domingo,baja forzada,762,8,2023,2023-08-01
Santo Domingo,baja voluntaria,2572,8,2023,2023-08-01
Distrito Nacional,baja forzada,187,9,2023,2023-09-01
Distrito Nacional,baja voluntaria,391,9,2023,2023-09-01
El Seibo,baja forzada,42,9,2023,2023-09-01
El Seibo,baja voluntaria,155,9,2023,2023-09-01
La Altagracia,baja forzada,40,9,2023,2023-09-01
La Altagracia,baja voluntaria,272,9,2023,2023-09-01
La Romana,baja forzada,80,9,2023,2023-09-01
La Romana,baja voluntaria,254,9,2023,2023-09-01
Monte Plata,baja forzada,40,9,2023,2023-09-01
Monte Plata,baja voluntaria,109,9,2023,2023-09-01
San Pedro de Macorís,baja forzada,168,9,2023,2023-09-01
San Pedro de Macorís,baja voluntaria,267,9,2023,2023-09-01
Santo Domingo,baja forzada,601,9,2023,2023-09-01
Santo Domingo,baja voluntaria,2682,9,2023,2023-09-01
Distrito Nacional,baja forzada,227,10,2023,2023-10-01
Distrito Nacional,baja voluntaria,485,10,2023,2023-10-01
El Seibo,baja forzada,59,10,2023,2023-10-01
El Seibo,baja voluntaria,177,10,2023,2023-10-01
La Altagracia,baja forzada,25,10,2023,2023-10-01
La Altagracia,baja voluntaria,301,10,2023,2023-10-01
La Romana,baja forzada,84,10,2023,2023-10-01
La Romana,baja voluntaria,336,10,2023,2023-10-01
Monte Plata,baja forzada,20,10,2023,2023-10-01
Monte Plata,baja voluntaria,140,10,2023,2023-10-01
San Pedro de Macorís,baja forzada,95,10,2023,2023-10-01
San Pedro de Macorís,baja voluntaria,311,10,2023,2023-10-01
Santo Domingo,baja forzada,1066,10,2023,2023-10-01
Santo Domingo,baja voluntaria,2797,10,2023,2023-10-01
Distrito Nacional,baja forzada,161,11,2023,2023-11-01
Distrito Nacional,baja voluntaria,355,11,2023,2023-11-01
El Seibo,baja forzada,58,11,2023,2023-11-01
El Seibo,baja voluntaria,197,11,2023,2023-11-01
La Altagracia,baja forzada,39,11,2023,2023-11-01
La Altagracia,baja voluntaria,289,11,2023,2023-11-01
La Romana,baja forzada,66,11,2023,2023-11-01
La Romana,baja voluntaria,274,11,2023,2023-11-01
Monte Plata,baja forzada,31,11,2023,2023-11-01
Monte Plata,baja voluntaria,119,11,2023,2023-11-01
San Pedro de Macorís,baja forzada,86,11,2023,2023-11-01
San Pedro de Macorís,baja voluntaria,255,11,2023,2023-11-01
Santo Domingo,baja forzada,987,11,2023,2023-11-01
Santo Domingo,baja voluntaria,2489,11,2023,2023-11-01
Distrito Nacional,baja forzada,142,12,2023,2023-12-01
Distrito Nacional,baja voluntaria,367,12,2023,2023-12-01
El Seibo,baja forzada,34,12,2023,2023-12-01
El Seibo,baja voluntaria,137,12,2023,2023-12-01
La Altagracia,baja forzada,27,12,2023,2023-12-01
La Altagracia,baja voluntaria,228,12,2023,2023-12-01
La Romana,baja forzada,111,12,2023,2023-12-01
La Romana,baja voluntaria,244,12,2023,2023-12-01
Monte Plata,baja forzada,33,12,2023,2023-12-01
Monte Plata,baja voluntaria,71,12,2023,2023-12-01
San Pedro de Macorís,baja forzada,79,12,2023,2023-12-01
San Pedro de Macorís,baja voluntaria,247,12,2023,2023-12-01
Santo Domingo,baja forzada,971,12,2023,2023-12-01
Santo Domingo,baja voluntaria,2364,12,2023,2023-12-01
Distrito Nacional,baja forzada,177,1,2024,2024-01-01
Distrito Nacional,baja voluntaria,416,1,2024,2024-01-01
El Seibo,baja forzada,98,1,2024,2024-01-01
El Seibo,baja voluntaria,155,1,2024,2024-01-01
La Altagracia,baja forzada,44,1,2024,2024-01-01
La Altagracia,baja voluntaria,307,1,2024,2024-01-01
La Romana,baja forzada,105,1,2024,2024-01-01
La Romana,baja voluntaria,305,1,2024,2024-01-01
Monte Plata,baja forzada,51,1,2024,2024-01-01
Monte Plata,baja voluntaria,138,1,2024,2024-01-01
San Pedro de Macorís,baja forzada,107,1,2024,2024-01-01
San Pedro de Macorís,baja voluntaria,280,1,2024,2024-01-01
Santo Domingo,baja forzada,853,1,2024,2024-01-01
Santo Domingo,baja voluntaria,2676,1,2024,2024-01-01
Distrito Nacional,baja forzada,200,2,2024,2024-02-01
Distrito Nacional,baja voluntaria,389,2,2024,2024-02-01
El Seibo,baja forzada,72,2,2024,2024-02-01
El Seibo,baja voluntaria,152,2,2024,2024-02-01
La Altagracia,baja forzada,51,2,2024,2024-02-01
La Altagracia,baja voluntaria,252,2,2024,2024-02-01
La Romana,baja forzada,81,2,2024,2024-02-01
La Romana,baja voluntaria,209,2,2024,2024-02-01
Monte Plata,baja forzada,54,2,2024,2024-02-01
Monte Plata,baja voluntaria,122,2,2024,2024-02-01
San Pedro de Macorís,baja forzada,89,2,2024,2024-02-01
San Pedro de Macorís,baja voluntaria,265,2,2024,2024-02-01
Santo Domingo,baja forzada,966,2,2024,2024-02-01
Santo Domingo,baja voluntaria,2546,2,2024,2024-02-01
Distrito Nacional,baja forzada,241,3,2024,2024-03-01
Distrito Nacional,baja voluntaria,388,3,2024,2024-03-01
El Seibo,baja forzada,99,3,2024,2024-03-01
El Seibo,baja voluntaria,142,3,2024,2024-03-01
La Altagracia,baja forzada,27,3,2024,2024-03-01
La Altagracia,baja voluntaria,214,3,2024,2024-03-01
La Romana,baja forzada,90,3,2024,2024-03-01
La Romana,baja voluntaria,201,3,2024,2024-03-01
Monte Plata,baja forzada,54,3,2024,2024-03-01
Monte Plata,baja voluntaria,105,3,2024,2024-03-01
San Pedro de Macorís,baja forzada,96,3,2024,2024-03-01
San Pedro de Macorís,baja voluntaria,254,3,2024,2024-03-01
Santo Domingo,baja forzada,858,3,2024,2024-03-01
Santo Domingo,baja voluntaria,2370,3,2024,2024-03-01
Distrito Nacional,baja forzada,218,4,2024,2024-04-01
Distrito Nacional,baja voluntaria,421,4,2024,2024-04-01
El Seibo,baja forzada,80,4,2024,2024-04-01
El Seibo,baja voluntaria,156,4,2024,2024-04-01
La Altagracia,baja forzada,55,4,2024,2024-04-01
La Altagracia,baja voluntaria,315,4,2024,2024-04-01
La Romana,baja forzada,99,4,2024,2024-04-01
La Romana,baja voluntaria,269,4,2024,2024-04-01
Monte Plata,baja forzada,32,4,2024,2024-04-01
Monte Plata,baja voluntaria,100,4,2024,2024-04-01
San Pedro de Macorís,baja forzada,89,4,2024,2024-04-01
San Pedro de Macorís,baja voluntaria,289,4,2024,2024-04-01
Santo Domingo,baja forzada,1403,4,2024,2024-04-01
Santo Domingo,baja voluntaria,2620,4,2024,2024-04-01
Distrito Nacional,baja forzada,147,5,2024,2024-05-01
Distrito Nacional,baja voluntaria,428,5,2024,2024-05-01
El Seibo,baja forzada,64,5,2024,2024-05-01
El Seibo,baja voluntaria,173,5,2024,2024-05-01
La Altagracia,baja forzada,53,5,2024,2024-05-01
La Altagracia,baja voluntaria,333,5,2024,2024-05-01
La Romana,baja forzada,99,5,2024,2024-05-01
La Romana,baja voluntaria,317,5,2024,2024-05-01
Monte Plata,baja forzada,31,5,2024,2024-05-01
Monte Plata,baja voluntaria,108,5,2024,2024-05-01
San Pedro de Macorís,baja forzada,87,5,2024,2024-05-01
San Pedro de Macorís,baja voluntaria,302,5,2024,2024-05-01
Santo Domingo,baja forzada,5498,5,2024,2024-05-01
Santo Domingo,baja voluntaria,2945,5,2024,2024-05-01
Distrito Nacional,baja forzada,123,6,2024,2024-06-01
Distrito Nacional,baja voluntaria,388,6,2024,2024-06-01
El Seibo,baja forzada,43,6,2024,2024-06-01
El Seibo,baja voluntaria,188,6,2024,2024-06-01
La Altagracia,baja forzada,65,6,2024,2024-06-01
La Altagracia,baja voluntaria,266,6,2024,2024-06-01
La Romana,baja forzada,67,6,2024,2024-06-01
La Romana,baja voluntaria,271,6,2024,2024-06-01
Monte Plata,baja forzada,27,6,2024,2024-06-01
Monte Plata,baja voluntaria,111,6,2024,2024-06-01
San Pedro de Macorís,baja forzada,67,6,2024,2024-06-01
San Pedro de Macorís,baja voluntaria,254,6,2024,2024-06-01
Santo Domingo,baja forzada,1144,6,2024,2024-06-01
Santo Domingo,baja voluntaria,2661,6,2024,2024-06-01
Distrito Nacional,baja forzada,135,7,2024,2024-07-01
Distrito Nacional,baja voluntaria,528,7,2024,2024-07-01
El Seibo,baja forzada,43,7,2024,2024-07-01
El Seibo,baja voluntaria,247,7,2024,2024-07-01
La Altagracia,baja forzada,58,7,2024,2024-07-01
La Altagracia,baja voluntaria,353,7,2024,2024-07-01
La Romana,baja forzada,73,7,2024,2024-07-01
La Romana,baja voluntaria,348,7,2024,2024-07-01
Monte Plata,baja forzada,41,7,2024,2024-07-01
Monte Plata,baja voluntaria,183,7,2024,2024-07-01
San Pedro de Macorís,baja forzada,78,7,2024,2024-07-01
San Pedro de Macorís,baja voluntaria,385,7,2024,2024-07-01
Santo Domingo,baja forzada,1306,7,2024,2024-07-01
Santo Domingo,baja voluntaria,3237,7,2024,2024-07-01
Distrito Nacional,baja forzada,127,8,2024,2024-08-01
Distrito Nacional,baja voluntaria,526,8,2024,2024-08-01
El Seibo,baja forzada,42,8,2024,2024-08-01
El Seibo,baja voluntaria,174,8,2024,2024-08-01
La Altagracia,baja forzada,47,8,2024,2024-08-01
La Altagracia,baja voluntaria,345,8,2024,2024-08-01
La Romana,baja forzada,70,8,2024,2024-08-01
La Romana,baja voluntaria,350,8,2024,2024-08-01
Monte Plata,baja forzada,21,8,2024,2024-08-01
Monte Plata,baja voluntaria,165,8,2024,2024-08-01
San Pedro de Macorís,baja forzada,54,8,2024,2024-08-01
San Pedro de Macorís,baja voluntaria,317,8,2024,2024-08-01
Santo Domingo,baja forzada,1236,8,2024,2024-08-01
Santo Domingo,baja voluntaria,3314,8,2024,2024-08-01
Distrito Nacional,baja forzada,268,9,2024,2024-09-01
Distrito Nacional,baja voluntaria,456,9,2024,2024-09-01
El Seibo,baja forzada,39,9,2024,2024-09-01
El Seibo,baja voluntaria,171,9,2024,2024-09-01
La Altagracia,baja forzada,57,9,2024,2024-09-01
La Altagracia,baja voluntaria,333,9,2024,2024-09-01
La Romana,baja forzada,78,9,2024,2024-09-01
La Romana,baja voluntaria,318,9,2024,2024-09-01
Monte Plata,baja forzada,35,9,2024,2024-09-01
Monte Plata,baja voluntaria,153,9,2024,2024-09-01
San Pedro de Macorís,baja forzada,79,9,2024,2024-09-01
San Pedro de Macorís,baja voluntaria,315,9,2024,2024-09-01
Santo Domingo,baja forzada,1072,9,2024,2024-09-01
Santo Domingo,baja voluntaria,2917,9,2024,2024-09-01
Distrito Nacional,baja forzada,160,10,2024,2024-10-01
Distrito Nacional,baja voluntaria,457,10,2024,2024-10-01
El Seibo,baja forzada,35,10,2024,2024-10-01
El Seibo,baja voluntaria,189,10,2024,2024-10-01
La Altagracia,baja forzada,71,10,2024,2024-10-01
La Altagracia,baja voluntaria,362,10,2024,2024-10-01
La Romana,baja forzada,71,10,2024,2024-10-01
La Romana,baja voluntaria,310,10,2024,2024-10-01
Monte Plata,baja forzada,22,10,2024,2024-10-01
Monte Plata,baja voluntaria,124,10,2024,2024-10-01
San Pedro de Macorís,baja forzada,83,10,2024,2024-10-01
San Pedro de Macorís,baja voluntaria,279,10,2024,2024-10-01
Santo Domingo,baja forzada,1159,10,2024,2024-10-01
Santo Domingo,baja voluntaria,3113,10,2024,2024-10-01
Distrito Nacional,baja forzada,256,11,2024,2024-11-01
Distrito Nacional,baja voluntaria,403,11,2024,2024-11-01
El Seibo,baja forzada,61,11,2024,2024-11-01
El Seibo,baja voluntaria,176,11,2024,2024-11-01
La Altagracia,baja forzada,48,11,2024,2024-11-01
La Altagracia,baja voluntaria,276,11,2024,2024-11-01
La Romana,baja forzada,74,11,2024,2024-11-01
La Romana,baja voluntaria,257,11,2024,2024-11-01
Monte Plata,baja forzada,21,11,2024,2024-11-01
Monte Plata,baja voluntaria,129,11,2024,2024-11-01
San Pedro de Macorís,baja forzada,65,11,2024,2024-11-01
San Pedro de Macorís,baja voluntaria,270,11,2024,2024-11-01
Santo Domingo,baja forzada,1155,11,2024,2024-11-01
Santo Domingo,baja voluntaria,2815,11,2024,2024-11-01
Distrito Nacional,baja forzada,200,12,2024,2024-12-01
Distrito Nacional,baja voluntaria,344,12,2024,2024-12-01
El Seibo,baja forzada,60,12,2024,2024-12-01
El Seibo,baja voluntaria,145,12,2024,2024-12-01
La Altagracia,baja forzada,43,12,2024,2024-12-01
La Altagracia,baja voluntaria,291,12,2024,2024-12-01
La Romana,baja forzada,62,12,2024,2024-12-01
La Romana,baja voluntaria,314,12,2024,2024-12-01
Monte Plata,baja forzada,26,12,2024,2024-12-01
Monte Plata,baja voluntaria,114,12,2024,2024-12-01
San Pedro de Macorís,baja forzada,62,12,2024,2024-12-01
San Pedro de Macorís,baja voluntaria,261,12,2024,2024-12-01
Santo Domingo,baja forzada,1034,12,2024,2024-12-01
Santo Domingo,baja voluntaria,2564,12,2024,2024-12-01
Distrito Nacional,baja forzada,243,1,2025,2025-01-01
Distrito Nacional,baja voluntaria,404,1,2025,2025-01-01
El Seibo,baja forzada,146,1,2025,2025-01-01
El Seibo,baja voluntaria,197,1,2025,2025-01-01
La Altagracia,baja forzada,26,1,2025,2025-01-01
La Altagracia,baja voluntaria,314,1,2025,2025-01-01
La Romana,baja forzada,64,1,2025,2025-01-01
La Romana,baja voluntaria,308,1,2025,2025-01-01
Monte Plata,baja forzada,23,1,2025,2025-01-01
Monte Plata,baja voluntaria,148,1,2025,2025-01-01
San Pedro de Macorís,baja forzada,51,1,2025,2025-01-01
San Pedro de Macorís,baja voluntaria,295,1,2025,2025-01-01
Santo Domingo,baja forzada,814,1,2025,2025-01-01
Santo Domingo,baja voluntaria,2833,1,2025,2025-01-01
Distrito Nacional,baja forzada,243,2,2025,2025-02-01
Distrito Nacional,baja voluntaria,404,2,2025,2025-02-01
El Seibo,baja forzada,146,2,2025,2025-02-01
El Seibo,baja voluntaria,197,2,2025,2025-02-01
La Altagracia,baja forzada,26,2,2025,2025-02-01
La Altagracia,baja voluntaria,314,2,2025,2025-02-01
La Romana,baja forzada,64,2,2025,2025-02-01
La Romana,baja voluntaria,308,2,2025,2025-02-01
Monte Plata,baja forzada,23,2,2025,2025-02-01
Monte Plata,baja voluntaria,148,2,2025,2025-02-01
San Pedro de Macorís,baja forzada,51,2,2025,2025-02-01
San Pedro de Macorís,baja voluntaria,295,2,2025,2025-02-01
Santo Domingo,baja forzada,814,2,2025,2025-02-01
Santo Domingo,baja voluntaria,2833,2,2025,2025-02-01
Distrito Nacional,baja forzada,580,3,2025,2025-03-01
Distrito Nacional,baja voluntaria,478,3,2025,2025-03-01
El Seibo,baja forzada,128,3,2025,2025-03-01
El Seibo,baja voluntaria,199,3,2025,2025-03-01
La Altagracia,baja forzada,33,3,2025,2025-03-01
La Altagracia,baja voluntaria,363,3,2025,2025-03-01
La Romana,baja forzada,148,3,2025,2025-03-01
La Romana,baja voluntaria,317,3,2025,2025-03-01
Monte Plata,baja forzada,141,3,2025,2025-03-01
Monte Plata,baja voluntaria,153,3,2025,2025-03-01
San Pedro de Macorís,baja forzada,86,3,2025,2025-03-01
San Pedro de Macorís,baja voluntaria,287,3,2025,2025-03-01
Santo Domingo,baja forzada,2279,3,2025,2025-03-01
Santo Domingo,baja voluntaria,2972,3,2025,2025-03-01
Distrito Nacional,baja forzada,544,4,2025,2025-04-01
Distrito Nacional,baja voluntaria,392,4,2025,2025-04-01
El Seibo,baja forzada,119,4,2025,2025-04-01
El Seibo,baja voluntaria,173,4,2025,2025-04-01
La Altagracia,baja forzada,30,4,2025,2025-04-01
La Altagracia,baja voluntaria,315,4,2025,2025-04-01
La Romana,baja forzada,132,4,2025,2025-04-01
La Romana,baja voluntaria,302,4,2025,2025-04-01
Monte Plata,baja forzada,81,4,2025,2025-04-01
Monte Plata,baja voluntaria,137,4,2025,2025-04-01
San Pedro de Macorís,baja forzada,111,4,2025,2025-04-01
San Pedro de Macorís,baja voluntaria,312,4,2025,2025-04-01
Santo Domingo,baja forzada,2378,4,2025,2025-04-01
Santo Domingo,baja voluntaria,2627,4,2025,2025-04-01
Distrito Nacional,baja forzada,617,5,2025,2025-05-01
Distrito Nacional,baja voluntaria,405,5,2025,2025-05-01
El Seibo,baja forzada,125,5,2025,2025-05-01
El Seibo,baja voluntaria,192,5,2025,2025-05-01
La Altagracia,baja forzada,39,5,2025,2025-05-01
La Altagracia,baja voluntaria,329,5,2025,2025-05-01
La Romana,baja forzada,67,5,2025,2025-05-01
La Romana,baja voluntaria,279,5,2025,2025-05-01
Monte Plata,baja forzada,167,5,2025,2025-05-01
Monte Plata,baja voluntaria,126,5,2025,2025-05-01
San Pedro de Macorís,baja forzada,182,5,2025,2025-05-01
San Pedro de Macorís,baja voluntaria,276,5,2025,2025-05-01
Santo Domingo,baja forzada,2367,5,2025,2025-05-01
Santo Domingo,baja voluntaria,2641,5,2025,2025-05-01
Distrito Nacional,baja forzada,503,6,2025,2025-06-01
Distrito Nacional,baja voluntaria,431,6,2025,2025-06-01
El Seibo,baja forzada,212,6,2025,2025-06-01
El Seibo,baja voluntaria,176,6,2025,2025-06-01
La Altagracia,baja forzada,53,6,2025,2025-06-01
La Altagracia,baja voluntaria,302,6,2025,2025-06-01
La Romana,baja forzada,91,6,2025,2025-06-01
La Romana,baja voluntaria,313,6,2025,2025-06-01
Monte Plata,baja forzada,177,6,2025,2025-06-01
Monte Plata,baja voluntaria,127,6,2025,2025-06-01
San Pedro de Macorís,baja forzada,184,6,2025,2025-06-01
San Pedro de Macorís,baja voluntaria,315,6,2025,2025-06-01
Santo Domingo,baja forzada,2471,6,2025,2025-06-01
Santo Domingo,baja voluntaria,2634,6,2025,2025-06-01
Distrito Nacional,baja forzada,537,7,2025,2025-07-01
Distrito Nacional,baja voluntaria,428,7,2025,2025-07-01
El Seibo,baja forzada,136,7,2025,2025-07-01
El Seibo,baja voluntaria,221,7,2025,2025-07-01
La Altagracia,baja forzada,38,7,2025,2025-07-01
La Altagracia,baja voluntaria,366,7,2025,2025-07-01
La Romana,baja forzada,132,7,2025,2025-07-01
La Romana,baja voluntaria,332,7,2025,2025-07-01
Monte Plata,baja forzada,240,7,2025,2025-07-01
Monte Plata,baja voluntaria,143,7,2025,2025-07-01
San Pedro de Macorís,baja forzada,176,7,2025,2025-07-01
San Pedro de Macorís,baja voluntaria,300,7,2025,2025-07-01
Santo Domingo,baja forzada,2243,7,2025,2025-07-01
Santo Domingo,baja voluntaria,3013,7,2025,2025-07-01
Distrito Nacional,baja forzada,433,8,2025,2025-08-01
Distrito Nacional,baja voluntaria,451,8,2025,2025-08-01
El Seibo,baja forzada,111,8,2025,2025-08-01
El Seibo,baja voluntaria,208,8,2025,2025-08-01
La Altagracia,baja forzada,41,8,2025,2025-08-01
La Altagracia,baja voluntaria,324,8,2025,2025-08-01
La Romana,baja forzada,99,8,2025,2025-08-01
La Romana,baja voluntaria,289,8,2025,2025-08-01
Monte Plata,baja forzada,157,8,2025,2025-08-01
Monte Plata,baja voluntaria,149,8,2025,2025-08-01
San Pedro de Macorís,baja forzada,177,8,2025,2025-08-01
San Pedro de Macorís,baja voluntaria,304,8,2025,2025-08-01
Santo Domingo,baja forzada,2324,8,2025,2025-08-01
Santo Domingo,baja voluntaria,2745,8,2025,2025-08-01
Distrito Nacional,baja forzada,356,9,2025,2025-09-01
Distrito Nacional,baja voluntaria,434,9,2025,2025-09-01
El Seibo,baja forzada,86,9,2025,2025-09-01
El Seibo,baja voluntaria,215,9,2025,2025-09-01
La Altagracia,baja forzada,53,9,2025,2025-09-01
La Altagracia,baja voluntaria,364,9,2025,2025-09-01
La Romana,baja forzada,71,9,2025,2025-09-01
La Romana,baja voluntaria,285,9,2025,2025-09-01
Monte Plata,baja forzada,42,9,2025,2025-09-01
Monte Plata,baja voluntaria,138,9,2025,2025-09-01
San Pedro de Macorís,baja forzada,210,9,2025,2025-09-01
San Pedro de Macorís,baja voluntaria,274,9,2025,2025-09-01
Santo Domingo,baja forzada,1347,9,2025,2025-09-01
Santo Domingo,baja voluntaria,2745,9,2025,2025-09-01
Distrito Nacional,baja forzada,160,10,2025,2025-10-01
Distrito Nacional,baja voluntaria,457,10,2025,2025-10-01
El Seibo,baja forzada,35,10,2025,2025-10-01
El Seibo,baja voluntaria,189,10,2025,2025-10-01
La Altagracia,baja forzada,71,10,2025,2025-10-01
La Altagracia,baja voluntaria,362,10,2025,2025-10-01
La Romana,baja forzada,71,10,2025,2025-10-01
La Romana,baja voluntaria,310,10,2025,2025-10-01
Monte Plata,baja forzada,22,10,2025,2025-10-01
Monte Plata,baja voluntaria,124,10,2025,2025-10-01
San Pedro de Macorís,baja forzada,83,10,2025,2025-10-01
San Pedro de Macorís,baja voluntaria,279,10,2025,2025-10-01
Santo Domingo,baja forzada,1159,10,2025,2025-10-01
Santo Domingo,baja voluntaria,3113,10,2025,2025-10-01
Distrito Nacional,baja forzada,197,11,2025,2025-11-01
Distrito Nacional,baja voluntaria,372,11,2025,2025-11-01
El Seibo,baja forzada,30,11,2025,2025-11-01
El Seibo,baja voluntaria,170,11,2025,2025-11-01
La Altagracia,baja forzada,62,11,2025,2025-11-01
La Altagracia,baja voluntaria,283,11,2025,2025-11-01
La Romana,baja forzada,60,11,2025,2025-11-01
La Romana,baja voluntaria,276,11,2025,2025-11-01
Monte Plata,baja forzada,41,11,2025,2025-11-01
Monte Plata,baja voluntaria,129,11,2025,2025-11-01
San Pedro de Macorís,baja forzada,132,11,2025,2025-11-01
San Pedro de Macorís,baja voluntaria,238,11,2025,2025-11-01
Santo Domingo,baja forzada,1246,11,2025,2025-11-01
Santo Domingo,baja voluntaria,2460,11,2025,2025-11-01
Distrito Nacional,baja forzada,166,12,2025,2025-12-01
Distrito Nacional,baja voluntaria,418,12,2025,2025-12-01
El Seibo,baja forzada,87,12,2025,2025-12-01
El Seibo,baja voluntaria,160,12,2025,2025-12-01
La Altagracia,baja forzada,50,12,2025,2025-12-01
La Altagracia,baja voluntaria,301,12,2025,2025-12-01
La Romana,baja forzada,66,12,2025,2025-12-01
La Romana,baja voluntaria,318,12,2025,2025-12-01
Monte Plata,baja forzada,49,12,2025,2025-12-01
Monte Plata,baja voluntaria,134,12,2025,2025-12-01
San Pedro de Macorís,baja forzada,90,12,2025,2025-12-01
San Pedro de Macorís,baja voluntaria,286,12,2025,2025-12-01
Santo Domingo,baja forzada,1245,12,2025,2025-12-01
Santo Domingo,baja voluntaria,2682,12,2025,2025-12-01
